replicate ,temp,age_gp,inoc,CollD5,RhizD5,coinfectedD5,plaD5,tillersD5,CollD7,RhizD7,coinfectedD7,plaD7,tillersD7,CollD10,RhizD10,coinfectedD10,plaD10,tillersD10,CollD12,RhizD12,coinfectedD12,plaD12,tillersD12,CollD15,RhizD15,coinfectedD15,plaD15,tillersD15,CollD20,RhizD20,coinfectedD20,plaD20,tillersD20,dry.biomass,plant_ID
4,21,y,rc,0,0,0,100,1,0,0,0,100,1,0,0,0,100,0,0,1,0,100,0,0,1,0,100,0,1,1,0,100,0,0,447
2,21,y,rc,0,0,0,100,1,0,0,0,100,1,0,0,0,100,0,0,1,0,100,0,0,1,0,100,0,0,1,0,100,0,,226
4,21,y,r,0,1,0,100,0,0,1,0,100,0,0,1,0,100,0,0,1,0,100,0,0,1,0,100,0,0,1,0,100,0,,475
4,21,y,c,0,0,0,0,1,0,0,0,0,1,0,0,0,0,1,1,0,0,50,1,1,0,0,75,1,1,0,0,50,1,,410
4,21,y,c,0,0,0,0,1,0,0,0,0,1,0,0,0,0,1,1,0,0,50,1,1,0,0,75,1,1,0,0,50,1,,474
6,21,y,r,0,1,0,100,0,0,1,0,100,0,0,1,0,100,0,0,1,0,100,0,0,1,0,100,0,0,1,0,100,0,0,684
4,21,o,r,0,1,0,25,3,0,1,0,25,3,0,1,0,12.5,3,0,1,0,20,3,0,1,0,50,3,0,1,0,80,3,0.19,497
6,21,o,r,0,1,0,25,3,0,1,0,25,3,0,1,0,12.5,3,0,1,0,20,3,0,1,0,50,3,0,1,0,80,3,0.19,691
2,21,y,rc,0,1,0,40,0,0,1,0,50,1,1,1,1,75,1,1,1,1,75,1,1,1,1,75,1,1,1,1,75,1,,193
2,21,y,r,0,1,0,50,1,0,1,0,50,1,0,1,0,50,1,0,1,0,75,1,0,1,0,75,1,0,1,0,75,1,0.35,181
4,21,y,r,0,0,0,0,2,0,1,0,50,2,0,1,0,50,3,0,1,0,50,3,0,1,0,50,3,0,1,0,75,3,,468
6,21,y,rc,0,0,0,0,1,0,0,0,0,1,0,0,0,0,1,0,0,0,0,1,0,1,0,15,1,1,0,0,25,3,0.23,708
6,21,y,r,0,1,0,10,1,0,1,0,45,2,0,1,0,50,1,0,1,0,50,2,0,1,0,75,2,0,1,0,75,2,0.44,680
6,21,y,rc,0,0,0,1,1,0,0,0,0,1,0,0,0,10,1,0,0,0,25,1,0,0,0,50,1,1,1,1,50,3,,697
6,21,y,c,0,0,0,0,1,0,0,0,0,1,0,0,0,0,1,0,0,0,0,2,1,0,0,20,2,1,0,0,20,2,,892
6,21,o,rc,0,1,0,10,3,0,1,0,30,3,1,1,1,80,3,1,1,1,80,3,1,1,1,75,3,1,1,1,50,3,5.36,703
2,21,o,rc,0,1,0,10,4,0,1,0,10,4,0,1,0,15,4,0,1,0,15,4,0,1,0,50,4,0,1,0,50,4,,234
4,21,y,rc,0,0,0,0,1,0,0,0,0,1,0,0,0,0,1,0,0,0,0,1,0,1,0,25,1,1,0,0,20,3,,443
2,21,o,r,0,1,0,25,4,0,1,0,40,4,0,1,0,5,4,0,1,0,15,4,0,1,0,20,4,0,1,0,50,4,,238
2,21,y,rc,0,1,0,10,1,0,0,0,25,2,0,1,0,25,2,0,1,0,50,2,0,1,0,50,2,0,1,0,50,3,0.34,195
4,21,y,rc,0,1,0,25,1,0,1,0,25,1,0,1,0,25,1,0,1,0,10,1,1,1,1,10,1,0,1,0,50,2,1.76,478
4,21,o,rc,0,0,0,5,3,0,1,0,2,3,1,1,1,25,4,1,1,1,25,3,0,1,0,25,3,0,1,1,50,3,,457
6,21,y,rc,0,0,0,25,1,0,1,0,50,1,0,1,0,50,1,0,1,0,50,1,0,1,0,75,1,0,1,0,50,2,,710
6,21,o,rc,0,0,0,0,4,0,0,0,0,4,0,0,0,0,4,1,0,0,10,4,0,0,0,0,4,1,0,0,15,4,7.17,706
4,21,y,r,0,0,0,25,1,0,1,0,50,1,0,1,0,50,1,0,1,0,50,2,0,1,0,50,3,0,1,0,50,2,,434
4,21,y,r,0,1,0,10,1,0,1,0,45,2,0,1,0,50,1,0,1,0,50,2,0,1,0,50,2,0,1,0,50,2,0.44,466
6,21,y,r,0,1,0,25,2,0,1,0,10,2,0,1,0,15,2,0,1,0,50,2,0,1,0,50,3,0,1,0,50,5,2.78,683
6,21,o,r,0,1,0,25,4,0,1,0,40,4,0,1,0,5,4,0,1,0,15,4,0,1,0,20,4,0,1,0,50,4,,687
4,21,y,r,0,0,0,0,1,0,0,0,0,2,0,1,0,10,2,0,1,0,25,3,0,1,0,25,3,0,1,0,40,3,1.74,433
6,21,y,r,0,0,0,0,2,0,1,0,1,2,0,1,0,5,3,0,1,0,5,3,0,1,0,15,3,0,1,0,40,3,,681
6,21,o,r,0,1,0,15,1,0,1,0,50,1,0,1,0,50,2,0,1,0,50,3,0,1,0,30,3,0,1,0,30,3,,844
2,21,o,rc,0,0,0,0,4,0,0,0,0,4,0,0,0,0,4,1,0,0,5,4,0,0,0,0,4,1,0,0,10,4,7.17,250
2,21,y,c,0,0,0,0,1,0,0,0,0,1,0,0,0,0,1,0,0,0,0,1,0,0,0,0,3,1,0,0,10,4,1.38,220
4,21,o,rc,0,0,0,0,3,0,1,0,30,3,0,1,0,50,4,0,1,0,50,4,0,1,0,50,4,1,1,1,25,4,,451
4,21,y,rc,0,1,0,25,1,0,1,0,50,1,0,1,0,50,1,0,1,0,50,1,0,1,0,25,1,1,1,1,25,3,,449
6,21,o,rc,0,0,0,0,6,0,0,0,0,6,0,0,0,0,5,1,0,0,10,5,1,0,0,10,6,1,1,1,25,6,4.61,705
6,21,y,rc,0,0,0,75,3,0,1,0,75,3,0,1,0,75,3,0,1,0,75,3,0,1,0,25,3,1,1,1,25,4,2.4,695
6,21,y,c,0,0,0,0,1,0,0,0,0,1,0,0,0,0,1,0,0,0,0,1,0,0,0,0,3,1,0,0,10,4,1.38,658
6,21,y,rc,0,0,0,0,1,0,1,0,40,2,0,1,0,40,2,0,1,0,50,2,0,1,0,50,2,1,1,1,25,2,3.17,698
2,21,o,rc,0,1,0,1,4,0,1,0,5,3,0,1,0,25,3,1,1,1,25,3,1,1,1,50,3,0,1,1,25,3,4.87,200
6,21,y,c,0,0,0,0,1,0,0,0,0,2,0,0,0,0,2,0,0,0,0,2,1,0,0,10,3,1,0,0,10,3,,840
2,21,y,rc,0,0,0,10,1,0,1,0,25,1,0,1,0,50,1,0,1,0,50,1,0,1,0,50,1,0,1,0,25,2,,198
4,21,y,rc,0,0,0,10,1,0,1,0,25,1,0,1,0,25,1,0,1,0,50,1,0,1,0,50,1,0,1,0,25,2,,479
2,21,y,r,0,1,0,30,1,0,1,0,0,1,0,0,0,100,0,0,0,0,50,0,0,1,0,50,2,0,1,0,25,4,,178
2,21,y,rc,0,1,0,20,2,0,1,0,30,1,0,1,0,30,2,0,1,0,50,2,0,1,0,50,2,0,1,0,25,2,1.48,199
4,21,y,rc,0,1,0,5,1,0,1,0,25,1,0,1,0,50,1,0,1,0,50,1,1,1,1,50,1,0,1,0,25,2,1.76,448
4,21,y,rc,0,1,0,20,2,0,1,0,30,1,0,1,0,50,2,0,1,0,50,2,0,1,0,25,2,0,1,0,25,2,1.48,481
3,29,o,c,0,0,0,0,4,0,0,0,0,5,1,0,0,5,4,1,0,0,5,6,1,0,0,0.5,10,1,0,0,5,6,0.81,268
5,29,o,c,0,0,0,0,2,0,0,0,0,2,1,0,0,0.5,2,1,0,0,1,2,1,0,0,2,2,1,0,0,5,2,1.36,508
1,29,y,c,0,0,0,0,10,0,0,0,0,7,1,0,0,5,9,1,0,0,1,5,1,0,0,1,5,1,0,0,5,9,0.58,34
1,29,y,c,0,0,0,0,8,1,0,0,0.5,10,0,0,0,0,8,1,0,0,0.5,5,1,0,0,1,5,1,0,0,5,9,0.41,35
4,21,y,r,0,0,0,0,2,0,0,0,0,2,0,0,0,0,2,0,0,0,0,2,0,1,0,25,2,0,1,0,25,5,2.26,429
4,21,o,r,0,1,0,15,3,0,1,0,15,3,0,1,0,28,3,0,1,0,30,3,0,1,0,25,3,0,1,0,25,3,5.45,495
6,21,o,r,0,1,0,15,3,0,1,0,15,3,0,1,0,28,3,0,1,0,30,3,0,1,0,25,3,0,1,0,25,3,5.45,690
6,21,o,rc,0,0,0,0,3,0,1,0,25,3,0,1,0,50,3,0,1,0,50,3,0,1,0,50,3,0,1,0,25,4,1.94,700
4,21,o,rc,0,0,0,0,6,0,0,0,0,7,0,0,0,0,8,0,0,0,0,8,0,1,0,15,8,1,1,1,20,9,5.77,450
4,21,o,rc,0,1,0,50,3,0,1,0,75,2,0,1,0,50,4,0,1,0,50,5,1,1,1,25,3,1,1,1,20,4,,455
2,21,y,rc,0,0,0,20,2,0,0,0,0,2,0,0,0,0,2,1,0,0,20,2,1,0,0,50,2,1,1,1,20,3,,196
2,21,y,rc,0,0,0,15,4,0,1,0,25,3,0,1,0,50,3,1,1,1,50,3,1,1,1,50,3,1,1,1,20,5,2.63,197
2,21,o,rc,0,0,0,1,5,0,1,0,5,5,0,1,0,0,5,1,1,1,5,5,1,1,1,25,5,0,1,1,20,5,,205
2,21,o,c,0,0,0,0,3,0,0,0,0,3,0,0,0,0,3,0,0,0,0,3,1,0,0,0.5,3,0,0,0,25,3,5.99,166
2,21,o,r,0,1,0,5,3,0,1,0,10,3,0,1,0,10,3,0,1,0,20,4,0,1,0,20,4,0,1,0,20,4,4.55,191
4,21,o,rc,0,0,0,0,2,0,1,0,5,3,0,1,0,0,3,0,1,0,0,3,1,1,0,25,3,0,1,0,20,3,0.84,498
1,29,y,r,0,1,0,10,5,0,1,0,40,5,0,1,0,15,5,0,1,0,15,5,0,1,0,20,5,0,1,0,20,5,0.34,101
2,21,y,r,0,1,0,50,1,0,1,0,50,1,0,1,0,50,1,0,1,0,15,0,0,1,0,20,2,0,1,0,20,4,2.01,182
4,21,y,rc,0,1,0,30,1,0,1,0,50,1,0,1,0,50,1,0,1,0,50,1,0,1,0,25,2,0,1,0,20,3,,444
6,21,y,rc,0,1,0,25,1,0,1,0,25,1,0,1,0,25,1,0,1,0,10,1,0,1,0,20,1,0,1,0,20,1,,778
6,21,y,rc,0,1,0,1,3,0,1,0,15,4,0,1,0,15,4,0,1,0,20,3,0,1,0,20,5,0,1,0,20,5,,811
3,29,y,r,0,1,0,10,5,0,1,0,40,5,0,1,0,15,5,0,1,0,15,5,0,1,0,20,5,0,1,0,20,5,0.34,358
3,29,y,r,0,0,0,0,5,0,1,0,40,5,0,1,0,15,5,0,1,0,5,20,0,1,0,5,20,0,1,0,20,5,0.34,366
6,21,y,r,0,0,0,25,1,0,1,0,50,1,0,1,0,50,1,0,1,0,50,2,0,1,0,50,3,0,1,0,20,2,,724
6,21,o,r,0,1,0,5,3,0,1,0,10,3,0,1,0,10,3,0,1,0,20,4,0,1,0,20,4,0,1,0,20,4,4.55,747
6,21,y,r,0,1,0,25,1,0,1,0,20,1,0,1,0,20,2,0,1,0,20,2,0,1,0,20,2,0,1,0,20,2,,802
6,21,y,r,0,1,0,0,1,0,1,0,0,1,0,1,0,0,1,0,1,0,20,1,0,1,0,20,2,0,1,0,20,2,,890
6,21,y,r,0,0,0,0,1,0,1,0,2,3,0,1,0,2,3,0,1,0,15,4,0,1,0,20,4,0,1,0,20,4,,904
3,29,o,rc,0,0,0,0,2,1,0,0,0,2,1,1,0,0.5,2,1,1,0,0.5,2,1,1,1,1,3,1,1,1,15,2,0.34,371
2,21,o,c,0,0,0,0,4,0,0,0,0,4,1,0,0,0.5,4,1,0,0,0.5,4,1,0,0,0.5,4,0,0,0,5,4,,163
3,29,o,rc,0,0,0,0,2,1,0,0,0,2,1,1,0,1,2,1,1,0,1,2,1,1,1,1,15,1,1,1,15,2,0.34,384
2,21,o,rc,0,0,0,0,7,0,0,0,5,7,0,1,0,0,7,0,1,1,10,7,0,1,0,15,7,1,1,1,15,8,,206
3,29,y,rc,1,1,1,5,1,1,1,1,15,1,1,1,1,33,1,1,1,1,20,1,1,1,1,20,2,1,1,1,15,3,-0.01,386
4,21,o,rc,0,0,0,10,2,0,1,0,20,3,1,1,1,20,2,1,1,1,20,2,1,1,1,20,3,1,1,1,15,3,,456
2,21,y,rc,0,0,0,5,1,0,1,0,25,1,0,1,0,25,1,0,1,0,50,1,0,1,0,25,1,1,1,0,15,2,0.94,194
2,21,y,rc,0,1,0,30,1,0,1,0,50,1,0,1,0,50,1,0,1,0,50,1,0,1,0,75,2,1,1,0,15,3,,209
3,29,o,rc,0,0,0,0,1,0,0,0,0,1,0,1,0,0,1,0,1,0,0,1,0,1,0,0,1,0,1,0,15,1,0.01,375
1,29,y,rc,0,0,0,0,3,0,1,0,5,3,0,0,0,5,3,0,0,0,1,2,1,0,0,1,3,1,0,0,5,3,0.07,150
2,21,y,c,0,0,0,0,1,0,0,0,0,1,0,0,0,0,1,0,0,0,1,1,0,0,0,0,2,1,0,0,5,4,,158
2,21,o,rc,0,1,0,1,3,0,1,0,5,3,0,1,0,5,3,0,1,0,30,3,1,1,1,30,3,0,1,1,15,3,6.69,203
2,21,o,r,0,1,0,10,5,0,1,0,15,5,0,1,0,15,7,0,1,0,15,7,0,1,0,15,7,0,1,0,15,6,,240
1,29,y,r,0,1,0,1,2,0,1,0,10,2,0,1,0,10,2,0,1,0,15,2,0,1,0,15,3,0,1,0,15,3,0.17,103
1,29,y,r,0,1,0,5,1,0,1,0,50,1,0,1,0,40,1,0,1,0,10,1,0,1,0,15,1,0,1,0,15,1,0.01,106
1,29,y,r,0,1,0,2,1,0,1,0,50,1,0,1,0,40,1,0,1,0,1,15,0,1,0,1,15,0,1,0,15,1,0.01,114
3,29,y,r,0,1,0,1,2,0,1,0,10,2,0,1,0,10,2,0,1,0,15,2,0,1,0,15,3,0,1,0,15,3,0.17,360
3,29,y,r,0,1,0,10,2,0,1,0,10,2,0,1,0,10,2,0,1,0,2,15,0,1,0,3,15,0,1,0,15,3,0.17,362
3,29,y,r,0,1,0,10,3,0,0,0,0,3,0,1,0,15,4,0,1,0,4,15,0,1,0,4,15,0,1,0,15,4,0.06,363
5,29,y,r,0,1,0,5,1,0,1,0,50,1,0,1,0,40,1,0,1,0,10,1,0,1,0,15,1,0,1,0,15,1,0.01,600
6,21,o,r,0,1,0,10,5,0,1,0,15,5,0,1,0,15,7,0,1,0,15,7,0,1,0,15,7,0,1,0,15,6,,688
4,21,o,c,0,0,0,0,4,0,0,0,0,4,1,0,0,0.5,4,1,0,0,0.5,4,1,0,0,0.5,4,1,0,0,5,5,8.52,489
6,21,o,rc,0,1,0,10,4,0,1,0,25,4,0,1,0,25,4,0,1,0,30,4,0,1,0,50,4,0,1,0,15,4,,702
1,29,y,rc,0,1,0,5,3,0,0,0,1,3,0,0,0,1,3,0,1,0,1,3,1,1,1,5,3,1,1,1,10,3,0.07,136
1,29,y,rc,0,1,0,5,5,0,1,0,1,4,0,1,0,1,4,1,1,1,5,4,1,1,1,10,4,1,1,1,10,3,0.35,146
1,29,y,rc,0,0,0,0,8,1,0,0,1,9,1,1,1,1,10,1,1,1,5,10,1,1,1,5,10,1,1,1,10,10,0.77,147
6,21,y,c,0,0,0,0,1,0,0,0,0,1,0,0,0,0,1,0,0,0,1,1,0,0,0,0,2,1,0,0,5,4,0.3,721
6,21,y,c,0,0,0,0,1,0,0,0,0,1,0,0,0,0,2,0,0,0,0,3,1,0,0,5,3,1,0,0,5,3,,816
2,21,o,rc,0,1,0,25,2,0,1,0,30,2,0,1,0,40,3,0,1,0,50,3,0,1,0,40,3,1,1,1,10,3,2.25,201
3,29,y,rc,0,1,0,1,1,0,1,0,5,1,0,1,0,0,1,1,1,1,5,1,1,1,1,5,2,1,1,1,10,4,0.04,393
5,29,y,rc,0,1,0,5,3,0,1,0,1,3,0,0,0,0.5,3,0,1,0,5,3,1,1,1,10,3,1,1,1,10,3,0.07,643
5,29,y,rc,0,1,0,1,2,1,1,1,1,1,1,1,1,5,1,1,1,1,5,1,1,1,1,5,2,1,1,1,10,2,0.01,645
5,29,y,rc,0,1,0,5,3,0,1,0,1,3,0,1,0,5,3,1,1,1,5,3,1,1,1,5,3,1,1,1,10,3,0.07,647
6,21,o,rc,0,1,0,10,5,0,1,0,15,4,1,1,1,15,5,0,1,0,20,4,0,1,0,20,4,1,1,0,10,4,,701
1,29,o,c,0,0,0,0,5,0,0,0,0,5,0,0,0,0,5,1,0,0,0,5,1,0,0,1,5,1,0,0,2,5,0.81,2
1,29,o,c,0,0,0,0,5,0,0,0,0,6,1,0,0,1,7,1,0,0,1,6,1,0,0,5,2,1,0,0,2,6,1.01,17
5,29,o,c,0,0,0,0,4,0,0,0,1,4,0,0,0,0,4,1,0,0,2,4,1,0,0,1,4,1,0,0,2,4,1.36,506
6,21,o,rc,0,1,0,20,8,0,0,0,20,7,0,1,0,15,10,0,1,0,15,10,0,1,0,15,10,1,1,1,10,11,6.68,704
5,29,o,c,0,0,0,0,5,0,0,0,0,5,1,0,0,0.5,4,1,0,0,1,5,1,0,0,0.5,5,1,0,0,2,5,1.66,516
1,29,y,c,0,0,0,0,1,0,0,0,0,2,1,0,0,2,3,1,0,0,0.5,2,1,0,0,0.5,2,1,0,0,2,3,0.42,32
1,29,y,rc,0,0,0,0,5,0,1,0,5,5,0,1,0,5,5,0,1,0,20,5,0,1,0,20,5,1,1,0,10,6,0.34,134
4,21,y,c,0,0,0,0,2,0,0,0,0,2,1,0,0,1,2,0,0,0,1,2,1,0,0,0.5,2,1,0,0,2,3,2.36,408
6,21,o,c,0,0,0,0,4,0,0,0,0,3,1,0,0,0.5,4,3,1,0,0,0.5,4,0,0,1,4,1,0,0,2,4,,736
6,21,o,c,0,0,0,0,2,0,0,0,0,3,0,0,0,0,3,0,0,0,0,3,1,0,0,2,4,1,0,0,2,3,,835
4,21,y,c,0,0,0,0,2,0,0,0,0,2,1,0,0,1,2,1,0,0,1,2,1,0,0,0.5,2,1,0,0,2,3,2.36,470
5,29,y,c,0,0,0,0,4,0,0,0,0,5,0,0,0,0,5,1,0,0,0.5,2,1,0,0,1,2,1,0,0,2,5,0.47,535
2,21,y,rc,0,1,0,10,1,0,1,0,15,2,0,1,0,30,2,0,1,0,50,2,0,1,0,10,2,1,1,0,10,3,0.34,212
6,21,y,c,0,0,0,0,1,0,0,0,0,2,0,0,0,0,2,1,0,0,0.5,2,1,0,0,2,3,1,0,0,2,3,,806
6,21,y,c,0,0,0,0,1,0,0,0,0,1,0,0,0,0,2,0,0,0,0,2,1,0,0,2,2,1,0,0,2,2,,824
6,21,y,rc,0,0,0,0,1,0,1,0,5,1,0,1,0,5,1,0,1,0,0.5,1,0,1,0,10,2,1,1,0,10,2,,798
2,21,o,c,0,0,0,0,4,0,0,0,0,5,0,0,0,0,4,0,0,0,0,4,0,0,0,0,5,1,0,0,2,5,1.88,239
6,21,y,rc,0,1,0,15,1,0,0,0,2,2,0,1,0,2,2,0,1,0,20,2,0,1,0,10,2,1,1,0,10,2,,817
6,21,y,rc,0,1,0,5,2,0,1,0,0.5,3,0,1,0,0.5,3,0,1,0,1,3,0,1,0,10,3,1,1,0,10,3,,858
2,21,o,r,0,1,0,5,4,0,1,0,15,4,0,1,0,20,4,0,1,0,20,4,0,1,0,20,4,0,1,0,10,4,7.62,247
1,29,o,c,0,0,0,0,3,1,0,0,0.5,4,1,0,0,0.5,4,1,0,0,1,4,1,0,0,0.5,4,1,0,0,1,4,1.66,3
1,29,o,c,0,0,0,0,7,1,0,0,0.5,7,1,0,0,1,7,1,0,0,1,7,1,0,0,0.5,7,1,0,0,1,7,1.04,5
1,29,o,c,0,0,0,0,6,0,0,0,0,6,1,0,0,1,6,1,0,0,1,6,1,0,0,1,6,1,0,0,1,6,0.47,8
1,29,o,c,0,0,0,0,4,1,0,0,0.5,5,1,0,0,1,5,1,0,0,1,5,1,0,0,0.5,5,1,0,0,1,5,0.32,9
1,29,o,c,0,0,0,0,6,1,0,0,0.5,6,1,0,0,0.5,6,1,0,0,0.5,6,1,0,0,1,6,1,0,0,1,6,0.79,11
1,29,o,c,0,0,0,0,4,1,0,0,0,4,1,0,0,1,4,1,0,0,1,4,1,0,0,1,4,1,0,0,1,4,1.66,12
1,29,o,c,0,0,0,0,1,0,0,0,0,1,0,0,0,0,1,0,0,0,0,1,0,0,0,0,1,1,0,0,1,1,0.32,14
1,29,o,c,0,0,0,0,6,0,0,0,0,5,1,0,0,1,5,1,0,0,1,6,1,0,0,0.5,5,1,0,0,1,6,1.29,15
2,21,o,r,0,1,0,15,8,0,1,0,1,10,0,1,0,1,10,0,1,0,2,10,0,1,0,5,10,0,1,0,10,9,,251
3,29,o,c,0,0,0,0,5,1,0,0,0.5,5,1,0,0,1,5,1,0,0,5,5,1,0,0,0.5,5,1,0,0,1,5,1.5,254
1,29,y,c,0,0,0,0,3,1,0,0,0.5,3,1,0,0,1,3,1,0,0,0.5,1,1,0,0,1,1,1,0,0,1,3,0.4,27
4,21,o,c,0,0,0,0,4,0,0,0,0,4,0,0,0,0,4,1,0,0,1,4,1,0,0,5,4,0,0,0,5,4,6.29,492
1,29,y,rc,0,0,0,0,4,1,1,0,10,4,0,1,0,0,5,0,1,0,5,5,1,0,0,2,6,1,0,0,1,6,0.35,148
1,29,o,r,0,1,0,1,7,0,1,0,5,8,0,1,0,5,8,0,1,0,5,8,0,1,0,10,8,0,1,0,10,8,1.54,83
4,21,o,c,0,0,0,0,4,0,0,0,0,4,1,0,0,0.5,4,1,0,0,0.5,4,1,0,0,0.5,4,0,0,0,1,5,8.52,413
1,29,o,r,0,0,0,0,5,0,0,0,0,5,0,1,0,1,5,0,1,0,1,5,0,1,0,10,5,0,1,0,10,5,1.65,89
1,29,y,r,0,1,0,1,1,0,1,0,15,1,0,1,0,15,2,0,1,0,10,2,0,1,0,10,2,0,1,0,10,2,0.16,100
2,21,y,c,0,0,0,0,1,0,0,0,0,1,0,0,0,0,1,0,0,0,0,1,0,0,0,0,1,1,0,0,1,2,0.35,157
4,21,o,rc,0,0,0,0,2,0,0,0,0,3,0,0,0,0,3,0,0,0,0,3,1,0,0,0.5,3,0,0,0,1,4,,452
4,21,o,c,1,0,0,1,4,0,0,0,0,3,1,0,0,0.5,3,1,0,0,0.5,3,1,0,0,1,3,1,0,0,1,3,,412
1,29,y,r,0,1,0,1,5,0,1,0,1,5,0,1,0,15,6,0,1,0,5,5,0,1,0,5,5,0,1,0,10,5,0.53,109
3,29,o,c,0,0,0,0,6,1,0,0,0.5,6,1,0,0,1,6,1,0,0,1,6,1,0,0,1,6,1,0,0,1,6,0.79,255
3,29,o,c,0,0,0,0,4,1,0,0,0,4,1,0,0,1,4,1,0,0,1,4,1,0,0,1,4,1,0,0,1,4,1.66,256
1,29,y,r,0,0,0,0,5,0,1,0,1,5,0,1,0,15,6,0,0,0,5,0,0,1,0,5,5,0,1,0,10,5,0.53,111
3,29,o,c,0,0,0,0,1,0,0,0,0,1,0,0,0,0,1,0,0,0,0,1,0,0,0,0,1,1,0,0,1,1,0.32,258
3,29,o,c,0,0,0,0,3,0,0,0,0,3,1,0,0,1,3,1,0,0,1,3,1,0,0,1,3,1,0,0,1,3,1.01,259
3,29,o,c,0,0,0,0,5,1,0,0,0.5,6,1,0,0,0.5,6,1,0,0,0.5,6,1,0,0,1,6,1,0,0,1,6,1.36,260
3,29,o,c,0,0,0,0,4,0,0,0,1,4,1,0,0,0.5,4,1,0,0,1,4,1,0,0,0.5,4,1,0,0,1,4,1.36,263
1,29,y,r,0,1,0,5,7,0,1,0,1,7,0,1,0,1,7,0,1,0,7,5,0,1,0,6,5,0,1,0,10,6,0.78,113
4,21,o,rc,0,0,0,0,2,0,0,0,0,3,0,0,0,0,3,0,0,0,0,3,1,0,0,15,3,0,0,0,25,4,0.78,484
4,21,o,c,0,0,0,0,4,0,0,0,0,4,0,0,0,0,4,0,0,0,0,5,0,0,0,0,5,0,0,0,1,5,,414
4,21,o,c,0,0,0,0,4,0,0,0,0,4,0,0,0,0,4,1,0,0,1,4,1,0,0,1,4,0,0,0,1,4,6.29,415
4,21,o,c,0,0,0,0,4,0,0,0,0,4,0,0,0,0,6,0,0,0,0,4,0,0,0,0,5,0,0,0,1,6,,416
4,21,o,c,0,0,0,0,3,0,0,0,0,3,0,0,0,0,3,1,0,0,5,3,1,0,0,5,3,0,0,0,1,3,0.96,485
4,21,o,c,1,0,0,1,4,0,0,0,0,3,1,0,0,0.5,3,1,0,0,0.5,3,1,0,0,1,3,0,0,0,1,3,1.1,487
4,21,o,c,0,0,0,0,4,0,0,0,0,4,0,0,0,0,4,0,0,0,0,5,0,0,0,0,5,0,0,0,1,5,2.13,491
4,21,o,c,0,0,0,0,4,0,0,0,0,4,0,0,0,0,6,0,0,0,0,4,0,0,0,0,5,0,0,0,1,6,1.36,494
3,29,y,r,0,1,0,2,3,0,1,0,20,4,0,1,0,1,5,0,1,0,10,5,0,1,0,10,5,0,1,0,10,5,0.48,350
3,29,o,c,0,0,0,0,5,1,0,0,0.5,5,1,0,0,1,5,1,0,0,1,5,1,0,0,5,5,1,0,0,1,5,1.01,264
3,29,o,c,0,0,0,0,2,0,0,0,0,2,1,0,0,0.5,2,1,0,0,1,5,1,0,0,0.5,2,1,0,0,1,2,1.36,265
3,29,o,c,0,0,0,0,3,0,0,0,0,2,1,0,0,1,3,1,0,0,1,4,1,0,0,0.5,1,1,0,0,1,4,1.04,266
3,29,o,c,0,0,0,0,5,1,0,0,0.5,6,1,0,0,0.5,6,1,0,0,0.5,7,1,0,0,0.5,2,1,0,0,1,7,1.27,267
5,29,o,c,0,0,0,0,5,1,0,0,0.5,6,1,0,0,0.5,6,1,0,0,5,6,1,0,0,0.5,6,1,0,0,1,6,1.36,503
5,29,o,c,0,0,0,0,3,1,0,0,0.5,4,1,0,0,0.5,4,1,0,0,0.5,4,1,0,0,0.5,4,1,0,0,1,4,1.66,510
5,29,o,c,0,0,0,0,7,1,0,0,0,7,1,0,0,1,7,1,0,0,1,7,1,0,0,1,7,1,0,0,1,7,1.04,512
5,29,o,c,0,0,0,0,3,0,0,0,0,3,0,0,0,0,3,1,0,0,2,3,1,0,0,2,3,0,0,0,0.5,3,1.01,502
5,29,o,c,0,0,0,0,4,1,0,0,0,4,1,0,0,1,4,1,0,0,1,4,1,0,0,0.5,4,0,0,0,0.5,4,0.95,504
5,29,o,c,0,0,0,0,5,1,0,0,0,5,0,0,0,0,5,1,0,0,0,5,1,0,0,1,5,0,0,0,0.5,5,0.81,509
5,29,o,c,0,0,0,0,1,0,0,0,0.5,2,1,0,0,0.5,2,1,0,0,0.5,2,1,0,0,0.5,2,0,0,0,0.5,2,1.02,511
5,29,o,c,1,0,0,0.5,3,1,0,0,0.5,3,1,0,0,0.5,3,1,0,0,0.5,3,1,0,0,1,3,0,0,0,0.5,3,1.27,513
5,29,o,c,0,0,0,0,2,1,0,0,0,2,1,0,0,1,2,1,0,0,1,2,1,0,0,0.5,2,0,0,0,0.5,2,0.81,514
5,29,o,c,0,0,0,0,5,0,0,0,0,3,1,0,0,1,4,1,0,0,0.5,4,1,0,0,0.5,1,0,0,0,0.5,4,0.79,515
5,29,o,c,0,0,0,0,3,0,0,0,0,3,1,0,0,0.5,3,1,0,0,1,3,1,0,0,0.5,1,0,0,0,0.5,3,0.47,517
3,29,o,c,0,0,0,0,7,1,0,0,0,7,0,0,0,0,7,0,0,0,0,7,0,0,0,0,6,0,0,0,0,7,1.29,262
5,29,o,c,0,0,0,0,7,1,0,0,0,7,0,0,0,0,7,0,0,0,0,7,0,0,0,0,6,0,0,0,0,7,1.29,505
5,29,o,c,0,0,0,0,1,0,0,0,0,2,1,0,0,1,2,1,0,0,1,2,1,0,0,1,5,1,0,0,1,2,0.32,518
5,29,o,c,1,0,0,0.5,3,1,0,0,0.5,4,1,0,0,1,4,1,0,0,0.5,3,1,0,0,0.5,1,1,0,0,1,4,0.59,520
3,29,y,c,0,0,0,0,3,1,0,0,0.5,3,0,0,0,5,3,0,0,0,0.5,1,0,0,0,0,1,1,0,0,1,3,0.27,274
3,29,y,c,0,0,0,0,8,0,0,0,0,9,0,0,0,0,9,0,0,0,0,5,0,0,0,0,5,1,0,0,1,8,0.84,276
3,29,y,c,0,0,0,0,3,1,0,0,0.5,3,0,0,0,5,3,1,0,0,1,1,1,0,0,0.5,1,1,0,0,1,3,0.27,280
3,29,y,c,0,0,0,0,8,0,0,0,0,9,1,0,0,1,9,0,0,0,0,5,1,0,0,0.5,5,1,0,0,1,8,0.84,282
3,29,y,c,0,0,0,0,3,0,0,0,0,3,1,0,0,1,3,1,0,0,1,1,1,0,0,0.5,1,1,0,0,1,3,0.4,284
3,29,y,c,0,0,0,0,5,0,0,0,0,5,1,0,0,0.5,5,1,0,0,0.5,1,1,0,0,1,1,1,0,0,1,6,0.62,285
3,29,y,c,0,0,0,0,3,0,0,0,0,3,0,0,0,0,3,0,0,0,0,3,0,0,0,0,3,1,0,0,1,3,0.29,288
3,29,y,r,0,1,0,1,1,0,1,0,15,1,0,1,0,15,2,0,1,0,10,2,0,1,0,10,2,0,1,0,10,2,0.16,357
5,29,y,c,0,0,0,0,2,1,0,0,0.5,3,1,0,0,0,3,0,0,0,0,3,0,0,0,0,5,0,0,0,0,5,0.36,537
3,29,y,r,0,1,0,1,3,0,1,0,20,4,0,1,0,1,5,0,1,0,5,10,0,1,0,5,10,0,1,0,10,5,0.48,364
3,29,y,r,0,1,0,5,1,0,1,0,15,1,0,1,0,15,2,0,1,0,2,10,0,1,0,2,10,0,1,0,10,2,0.16,365
3,29,y,rc,0,0,0,0,1,0,0,0,0,1,0,0,0,0,1,0,0,0,5,1,0,1,0,5,2,0,1,0,10,2,0.04,397
4,21,o,r,0,1,0,20,3,0,1,0,20,2,0,1,0,25,3,0,1,0,50,3,0,1,0,25,3,0,1,0,10,3,,437
4,21,o,r,0,1,0,5,4,0,1,0,15,4,0,1,0,20,4,0,1,0,20,4,0,1,0,20,4,0,1,0,10,4,7.62,442
6,21,y,rc,0,0,0,0,1,0,1,0,2,2,0,1,0,2,2,1,1,0,0.5,2,1,1,0,10,2,0,1,0,10,2,,834
6,21,y,rc,0,1,0,25,1,0,1,0,15,1,0,1,0,15,1,0,1,0,25,1,0,1,0,10,1,0,1,0,10,1,,901
4,21,o,rc,0,0,0,0,3,0,1,0,20,3,0,1,0,25,3,0,1,0,50,3,0,1,0,50,3,0,1,0,10,4,1.94,482
4,21,o,r,0,1,0,20,3,0,1,0,20,2,0,1,0,25,3,0,1,0,50,3,0,1,0,25,3,0,1,0,10,3,,488
5,29,y,c,0,0,0,0,4,1,0,0,1,4,0,0,0,0,4,1,0,0,0.5,5,0,0,0,0,5,1,0,0,1,4,0.33,524
5,29,y,c,0,0,0,0,4,0,0,0,0,4,0,0,0,0,5,0,0,0,0,1,0,0,0,0,4,1,0,0,1,5,0.56,525
5,29,y,c,0,0,0,0,7,0,0,0,0,5,0,0,0,0,6,0,0,0,0,5,0,0,0,0,5,1,0,0,1,6,0.3,526
5,29,y,c,0,0,0,0,4,1,0,0,1,4,0,0,0,0,4,1,0,0,1,5,1,0,0,0.5,5,1,0,0,1,4,0.33,530
5,29,y,c,0,0,0,0,7,1,0,0,1,5,1,0,0,5,6,1,0,0,0.5,5,1,0,0,0.5,5,1,0,0,1,6,0.3,532
5,29,y,c,0,0,0,0,1,0,0,0,0,1,1,0,0,1,1,1,0,0,1,1,1,0,0,2,1,1,0,0,1,2,0.07,534
5,29,y,c,0,0,0,0,3,1,0,0,0.5,3,0,0,0,0.5,3,1,0,0,0.5,1,1,0,0,2,1,1,0,0,1,3,0.27,536
5,29,o,r,0,0,0,0,3,0,1,0,1,3,0,1,0,1,3,0,1,0,5,3,0,1,0,5,3,0,1,0,10,3,0.81,583
5,29,y,r,0,1,0,1,5,0,1,0,1,5,0,1,0,15,6,0,1,0,5,5,0,1,0,5,5,0,1,0,10,5,0.53,603
5,29,y,r,0,1,0,2,3,0,1,0,20,4,0,1,0,1,5,0,1,0,10,5,0,1,0,10,5,0,1,0,10,5,0.48,606
5,29,y,r,0,1,0,2,3,0,1,0,2,4,0,1,0,1,6,0,1,0,6,5,0,1,0,6,5,0,1,0,10,6,0.59,614
5,29,y,rc,0,1,0,1,5,0,1,0,0.5,4,0,1,0,5,4,0,1,0,5,4,0,1,0,5,4,0,1,0,10,4,0.35,642
6,21,o,r,0,1,0,15,8,0,1,0,1,10,0,1,0,1,10,0,1,0,2,10,0,1,0,5,10,0,1,0,10,9,,692
6,21,y,r,0,1,0,30,1,0,1,0,0,1,0,0,0,100,0,0,0,0,0,0,0,1,0,20,2,0,1,0,10,4,0.22,712
6,21,y,r,0,0,0,0,1,0,0,0,0,2,0,1,0,5,2,0,1,0,1,3,0,1,0,2,3,0,1,0,10,3,1.74,722
6,21,y,r,0,1,0,5,2,0,1,0,8,2,0,1,0,8,2,0,1,0,2,2,0,1,0,10,2,0,1,0,10,2,,775
6,21,y,r,0,1,0,5,2,0,1,0,2,2,0,1,0,2,2,0,1,0,5,2,0,1,0,10,4,0,1,0,10,4,,805
6,21,o,c,0,0,0,0,3,1,0,0,0.5,3,1,0,0,0.5,3,0,0,0,0,3,0,0,0,0,3,1,0,0,1,3,,662
6,21,o,c,0,0,0,0,4,0,0,0,0,5,0,0,0,0,4,0,0,0,0,4,0,0,0,0,5,1,0,0,1,5,,663
6,21,o,c,0,0,0,0,3,0,0,0,0,3,1,0,0,0.5,3,1,0,0,1,3,1,0,0,1,3,1,0,0,1,3,,665
6,21,o,c,0,0,0,0,2,0,0,0,0,2,0,0,0,0,3,0,0,0,0,3,0,0,0,0,3,1,0,0,1,3,4.78,666
6,21,o,c,0,0,0,0,3,0,0,0,0,3,0,0,0,0,3,1,0,0,0.5,3,1,0,0,0.5,3,1,0,0,1,3,,667
6,21,o,c,0,0,0,0,4,0,0,0,0,4,1,0,0,0.5,4,1,0,0,0.5,4,1,0,0,0.5,4,1,0,0,1,4,1.78,740
6,21,y,c,0,0,0,0,1,0,0,0,0,1,0,0,0,0,1,0,0,0,0,1,0,0,0,0,1,1,0,0,1,2,0.35,719
6,21,o,rc,0,1,0,20,4,0,1,0,10,4,0,1,0,10,4,0,1,0,5,4,0,1,0,10,6,0,1,0,10,6,,808
6,21,o,c,0,0,0,0,4,0,0,0,0,4,0,0,0,0,6,1,0,0,1,6,1,0,0,1,6,1,0,0,1,6,1.23,741
6,21,y,r,0,1,0,25,1,0,1,0,5,1,0,1,0,5,1,0,1,0,10,2,0,1,0,10,3,0,1,0,10,3,,836
6,21,o,c,0,0,0,0,3,0,0,0,0,3,0,0,0,0,3,0,0,0,0,3,1,0,0,0.5,3,1,0,0,1,3,5.99,745
6,21,y,c,0,0,0,0,2,0,0,0,0,2,0,0,0,0,2,0,0,0,0,2,1,0,0,1,3,1,0,0,1,3,,825
6,21,y,c,0,0,0,0,1,0,0,0,0,1,0,0,0,0,1,0,0,0,0,1,1,0,0,1,2,1,0,0,1,2,,887
6,21,o,rc,0,1,0,5,5,0,1,0,1,5,0,1,0,1,5,0,1,0,5,5,0,1,0,10,5,0,1,0,10,5,,843
2,21,o,c,0,0,0,0,4,0,0,0,0,4,0,0,0,0,6,1,0,0,1,6,1,0,0,1,6,1,0,0,1,6,,164
2,21,o,c,0,0,0,0,4,0,0,0,0,5,0,0,0,0,5,0,0,0,0,5,0,0,0,0,5,1,0,0,1,5,5.66,167
2,21,o,c,0,0,0,0,3,0,0,0,0,3,1,0,0,0.5,3,1,0,0,1,3,1,0,0,1,3,1,0,0,1,3,1.08,242
6,21,o,rc,0,1,0,8,3,1,1,1,15,3,1,1,1,15,3,1,1,1,10,3,0,1,0,10,3,0,1,0,10,3,,871
6,21,o,r,0,1,0,10,1,0,1,0,25,1,0,1,0,25,1,0,1,0,10,1,0,1,0,10,1,0,1,0,10,1,,881
1,29,y,c,0,0,0,0,4,1,0,0,0,4,0,0,0,0.5,7,0,0,0,7,0.5,0,0,0,0,5,1,0,0,0.5,7,0.43,24
6,21,o,c,0,0,0,0,1,0,0,0,0,1,0,0,0,0,1,0,0,0,0,2,1,0,0,1,2,0,0,0,1,2,,831
6,21,o,c,0,0,0,0,3,0,0,0,0,3,0,0,0,0,3,0,0,0,0,3,1,0,0,1,3,0,0,0,1,2,,852
6,21,o,c,0,0,0,0,1,0,0,0,0,2,0,0,0,0,2,0,0,0,0,3,1,0,0,1,3,0,0,0,1,2,,853
1,29,y,c,0,0,0,0,1,0,0,0,0,2,0,0,0,0,3,0,0,0,0,2,0,0,0,0,2,1,0,0,0.5,3,0.42,26
1,29,y,c,0,0,0,0,4,1,0,0,0,4,0,0,0,0.5,7,1,0,0,1,0.5,1,0,0,0.5,0.5,1,0,0,0.5,7,0.43,30
1,29,y,c,0,0,0,0,3,1,0,0,0.5,3,1,0,0,0.5,3,1,0,0,0.5,5,1,0,0,0.5,5,1,0,0,0.5,3,0.29,31
1,29,y,c,0,0,0,0,1,0,0,0,0,1,0,0,0,0,1,0,0,0,0,0.5,1,0,0,0.5,0.5,1,0,0,0.5,1,0.02,33
1,29,y,c,0,0,0,0,4,0,0,0,0,4,1,0,0,5,5,1,0,0,1,5,1,0,0,1,5,1,0,0,0.5,5,0.56,37
6,21,o,c,0,0,0,0,2,0,0,0,0,2,0,0,0,0,2,0,0,0,0,3,1,0,0,1,2,0,0,0,1,2,,895
1,29,y,c,0,0,0,0,7,0,0,0,0,5,0,0,0,0,6,0,0,0,0,6,0,0,0,0,6,1,0,0,0.5,6,0.3,38
1,29,o,c,0,0,0,0,5,0,0,0,0,6,0,0,0,0,6,1,0,0,1,6,1,0,0,1,6,1,0,0,0.5,6,1.27,1
3,29,y,c,0,0,0,0,3,0,0,0,0,3,1,0,0,0.5,3,1,0,0,0.5,3,1,0,0,0.5,3,1,0,0,0.5,3,0.2,271
3,29,y,c,0,0,0,0,4,1,0,0,0,4,0,0,0,0.5,7,1,0,0,0.5,7,1,0,0,0.5,6,1,0,0,0.5,7,0.43,287
4,21,o,c,0,0,0,0,7,0,0,0,0,8,0,0,0,0,8,1,0,0,0.5,8,1,0,0,0.5,8,0,0,0,0.5,7,6.84,496
6,21,o,c,0,0,0,0,4,1,0,0,0.5,4,1,0,0,0.5,4,0,0,0,0,0,1,0,0,1,3,0,0,0,0.5,4,,661
6,21,o,c,0,0,0,0,4,0,0,0,0,5,0,0,0,0,5,0,0,0,0,5,0,0,0,0,5,0,0,0,0.5,5,5.66,751
6,21,o,c,0,0,0,0,2,0,0,0,0,2,0,0,0,0,2,1,0,0,0.5,2,1,0,0,0.5,4,0,0,0,0.5,3,,854
6,21,o,c,0,0,0,0,3,1,0,0,0.5,2,1,0,0,0.5,3,1,0,0,0.5,3,1,0,0,0.5,4,0,0,0,0.5,4,,859
3,29,y,c,0,0,0,0,1,0,0,0,0,1,0,0,0,0,1,0,0,0,0,1,0,0,0,0,1,1,0,0,0.5,1,0.02,290
6,21,o,c,0,0,0,0,2,0,0,0,0,3,0,0,0,0,3,0,0,0,0,3,1,0,0,0.5,3,0,0,0,0.5,3,,870
4,21,y,c,0,0,0,0,2,0,0,0,0,2,0,0,0,0,2,0,0,0,0,4,0,0,0,0,4,1,0,0,0.5,6,,405
6,21,o,c,0,0,0,0,2,0,0,0,0,2,0,0,0,0,2,0,0,0,0,3,1,0,0,0.5,4,0,0,0,0.5,4,,888
6,21,o,c,0,0,0,0,2,0,0,0,0,2,0,0,0,0,2,0,0,0,0,2,1,0,0,0.5,2,0,0,0,0.5,2,,896
6,21,o,c,0,0,0,0,1,0,0,0,0,2,0,0,0,0,2,0,0,0,0,1,1,0,0,0.5,2,0,0,0,0.5,2,,898
4,21,o,c,0,0,0,0,3,0,0,0,0,3,0,0,0,0,3,1,0,0,0.5,3,1,0,0,0.5,3,1,0,0,0.5,3,,411
1,29,o,c,1,0,0,0.5,3,1,0,0,0.5,3,0,0,0,0,3,0,0,0,0,3,0,0,0,0,3,0,0,0,0,3,1.27,6
1,29,o,c,0,0,0,0,2,0,0,0,0,2,0,0,0,0,2,0,0,0,0,2,0,0,0,0,2,0,0,0,0,2,0.81,7
1,29,o,c,0,0,0,0,6,0,0,0,0,7,0,0,0,0,6,0,0,0,0,7,0,0,0,0,1,0,0,0,0,7,1.36,18
1,29,o,c,0,0,0,0,4,0,0,0,0,4,0,0,0,0,4,0,0,0,0,4,0,0,0,0,1,0,0,0,0,4,0.95,19
1,29,y,c,0,0,0,0,1,0,0,0,0,1,0,0,0,0,1,0,0,0,0,2,0,0,0,0,2,0,0,0,0,2,0.3,20
1,29,y,c,0,0,0,0,3,0,0,0,0,3,0,0,0,0,3,0,0,0,0,1,0,0,0,0,1,0,0,0,0,3,0.4,21
1,29,y,c,0,0,0,0,5,0,0,0,0,5,0,0,0,0,5,0,0,0,0,1,0,0,0,0,1,0,0,0,0,6,0.62,22
1,29,y,c,0,0,0,0,3,0,0,0,0,3,0,0,0,0,3,0,0,0,0,5,1,0,0,0.5,5,0,0,0,0,3,0.29,25
1,29,y,c,0,0,0,0,5,0,0,0,0,5,0,0,0,0,5,0,0,0,0,1,0,0,0,0,1,0,0,0,0,6,0.62,28
1,29,y,c,0,0,0,0,4,1,0,0,1,4,1,0,0,0.5,4,1,0,0,5,4,1,0,0,0.5,5,0,0,0,0,4,0.33,36
1,29,y,c,0,0,0,0,2,0,0,0,0,2,0,0,0,0,2,0,0,0,0,2,0,0,0,0,2,0,0,0,0,2,0.01,39
1,29,o,m,0,0,0,0,3,0,0,0,0,3,0,0,0,0,3,0,0,0,0,3,0,0,0,0,3,0,0,0,0,3,1.23,40
1,29,o,m,0,0,0,0,4,0,0,0,0,3,0,0,0,0,3,0,0,0,0,3,0,0,0,0,4,0,0,0,0,5,0.83,41
1,29,o,m,0,0,0,0,3,0,0,0,0,3,0,0,0,0,3,0,0,0,0,3,0,0,0,0,3,0,0,0,0,3,0.92,42
1,29,o,m,0,0,0,0,3,0,0,0,0,4,0,0,0,0,4,0,0,0,0,4,0,0,0,0,4,0,0,0,0,5,1.09,43
1,29,o,m,0,0,0,0,4,0,0,0,0,4,0,0,0,0,4,0,0,0,0,4,0,0,0,0,4,0,0,0,0,4,1.13,44
1,29,o,m,0,0,0,0,3,0,0,0,0,4,0,0,0,0,4,0,0,0,0,4,0,0,0,0,5,0,0,0,0,5,1.27,45
1,29,o,m,0,0,0,0,5,0,0,0,0,5,0,0,0,0,6,0,0,0,0,6,0,0,0,0,7,0,0,0,0,6,1.06,46
1,29,o,m,0,0,0,0,4,0,0,0,0,5,0,0,0,0,5,0,0,0,0,5,0,0,0,0,5,0,0,0,0,5,1.13,47
1,29,o,m,0,0,0,0,5,0,0,0,0,5,0,0,0,0,6,0,0,0,0,6,0,0,0,0,6,0,0,0,0,6,1.44,48
1,29,o,m,0,0,0,0,5,0,0,0,0,5,0,0,0,0,5,0,0,0,0,5,0,0,0,0,5,0,0,0,0,5,0.87,49
1,29,o,m,0,0,0,0,4,0,0,0,0,4,0,0,0,0,5,0,0,0,0,5,0,0,0,0,5,0,0,0,0,5,1.04,50
1,29,o,m,0,0,0,0,6,0,0,0,0,6,0,0,0,0,7,0,0,0,0,7,0,0,0,0,7,0,0,0,0,7,1.23,51
1,29,o,m,0,0,0,0,5,0,0,0,0,5,0,0,0,0,5,0,0,0,0,5,0,0,0,0,5,0,0,0,0,5,0.83,52
1,29,o,m,0,0,0,0,4,0,0,0,0,4,0,0,0,0,4,0,0,0,0,4,0,0,0,0,4,0,0,0,0,5,0.92,53
1,29,o,m,0,0,0,0,4,0,0,0,0,4,0,0,0,0,4,0,0,0,0,4,0,0,0,0,4,0,0,0,0,5,1.06,54
1,29,o,m,0,0,0,0,4,0,0,0,0,4,0,0,0,0,4,0,0,0,0,5,0,0,0,0,5,0,0,0,0,5,1.67,55
1,29,o,m,0,0,0,0,5,0,0,0,0,5,0,0,0,0,5,0,0,0,0,5,0,0,0,0,5,0,0,0,0,5,0.23,56
1,29,o,m,0,0,0,0,5,0,0,0,0,5,0,0,0,0,6,0,0,0,0,6,0,0,0,0,6,0,0,0,0,6,1.61,57
1,29,o,m,0,0,0,0,3,0,0,0,0,3,0,0,0,0,3,0,0,0,0,3,0,0,0,0,3,0,0,0,0,3,1.1,58
1,29,o,m,0,0,0,0,5,0,0,0,0,5,0,0,0,0,5,0,0,0,0,5,0,0,0,0,5,0,0,0,0,5,1.06,59
1,29,o,m,0,0,0,0,5,0,0,0,0,5,0,0,0,0,5,0,0,0,0,6,0,0,0,0,6,0,0,0,0,6,1.36,60
1,29,y,m,0,0,0,0,6,0,0,0,0,5,0,0,0,0,4,0,0,0,0,5,0,0,0,0,6,0,0,0,0,7,0.08,61
1,29,y,m,0,0,0,0,2,0,0,0,0,2,0,0,0,0,2,0,0,0,0,2,0,0,0,0,3,0,0,0,0,4,0.39,62
1,29,y,m,0,0,0,0,3,0,0,0,0,3,0,0,0,0,1,0,0,0,0,2,0,0,0,0,3,0,0,0,0,4,0.4,63
1,29,y,m,0,0,0,0,1,0,0,0,0,2,0,0,0,0,3,0,0,0,0,0,0,0,0,0,0,0,0,0,0,2,0.15,64
1,29,y,m,0,0,0,0,4,0,0,0,0,4,0,0,0,0,4,0,0,0,0,0,0,0,0,0,0,0,0,0,0,4,0.25,65
1,29,y,m,0,0,0,0,1,0,0,0,0,1,0,0,0,0,2,0,0,0,0,0,0,0,0,0,0,0,0,0,0,3,0.08,66
1,29,y,m,0,0,0,0,3,0,0,0,0,3,0,0,0,0,4,0,0,0,0,0,0,0,0,0,0,0,0,0,0,4,0.39,67
1,29,y,m,0,0,0,0,6,0,0,0,0,6,0,0,0,0,8,0,0,0,0,0,0,0,0,0,0,0,0,0,0,5,0.49,68
1,29,y,m,0,0,0,0,7,0,0,0,0,8,0,0,0,0,8,0,0,0,0,0,0,0,0,0,0,0,0,0,0,9,0.41,69
1,29,y,m,0,0,0,0,7,0,0,0,0,7,0,0,0,0,9,0,0,0,0,0,0,0,0,0,0,0,0,0,0,8,0.55,70
1,29,y,m,0,0,0,0,3,0,0,0,0,3,0,0,0,0,3,0,0,0,0,0,0,0,0,0,0,0,0,0,0,5,0.33,71
1,29,y,m,0,0,0,0,4,0,0,0,0,3,0,0,0,0,3,0,0,0,0,0,0,0,0,0,0,0,0,0,0,6,0.5,72
1,29,y,m,0,0,0,0,3,0,0,0,0,0,0,0,0,0,5,0,0,0,0,0,0,0,0,0,0,0,0,0,0,5,0.47,73
1,29,y,m,0,0,0,0,3,0,0,0,0,3,0,0,0,0,4,0,0,0,0,0,0,0,0,0,0,0,0,0,0,5,0.27,74
1,29,y,m,0,0,0,0,1,0,0,0,0,2,0,0,0,0,3,0,0,0,0,0,0,0,0,0,0,0,0,0,0,3,0.27,75
1,29,y,m,0,0,0,0,1,0,0,0,0,1,0,0,0,0,1,0,0,0,0,0,0,0,0,0,0,0,0,0,0,4,0.03,76
1,29,y,m,0,0,0,0,3,0,0,0,0,5,0,0,0,0,4,0,0,0,0,0,0,0,0,0,0,0,0,0,0,3,0.44,77
1,29,y,m,0,0,0,0,8,0,0,0,0,8,0,0,0,0,8,0,0,0,0,0,0,0,0,0,0,0,0,0,0,10,0.46,78
1,29,y,m,0,0,0,0,1,0,0,0,0,0,0,0,0,0,4,0,0,0,0,0,0,0,0,0,0,0,0,0,0,5,0.6,79
1,29,y,m,0,0,0,0,3,0,0,0,0,3,0,0,0,0,5,0,0,0,0,0,0,0,0,0,0,0,0,0,0,6,0.28,80
6,21,y,r,0,0,0,0,2,0,0,0,0,3,0,0,0,0,4,0,0,0,0,4,0,1,0,10,5,0,1,0,10,5,,889
5,29,y,rc,0,0,0,0,2,0,0,0,0,1,0,0,0,10,1,1,1,0,1,2,5,1,0,5,2,1,1,0,5,2,0.01,653
1,29,o,rc,0,0,0,0,4,1,0,0,0,5,0,0,0,0,5,1,1,1,1,5,1,1,1,5,5,1,1,1,5,5,1.05,120
1,29,o,rc,0,1,0,0,2,0,1,0,0,2,0,1,0,0,1,1,1,1,5,3,1,1,1,5,3,1,1,1,5,2,0.14,125
1,29,o,rc,0,0,0,0,5,1,0,0,0,7,1,0,0,0,7,1,0,0,0,7,1,1,1,1,5,1,1,1,5,7,0.98,128
1,29,o,rc,0,0,0,0,7,1,1,1,1,8,1,1,1,1,8,1,1,1,1,8,1,1,1,5,5,1,1,1,5,8,1.35,131
1,29,o,rc,0,0,0,0,4,1,0,0,0,5,0,0,0,0,5,1,1,1,0.5,5,1,1,1,0.5,5,1,1,1,5,5,1.05,133
3,29,o,rc,0,0,0,0,2,0,0,0,0,2,1,1,1,1,3,1,1,1,5,3,1,1,1,5,4,1,1,1,5,3,0.73,370
5,29,o,rc,0,1,0,0,2,0,1,0,0,2,0,1,0,0,1,1,1,1,5,3,1,1,1,5,3,1,1,1,5,2,0.14,617
5,29,o,rc,0,0,0,0,6,1,1,1,5,5,1,1,1,5,5,1,1,1,5,5,1,1,1,5,5,1,1,1,5,5,1.12,619
5,29,o,rc,0,0,0,0,5,1,0,0,0,5,1,1,1,1,5,1,1,1,1,5,1,1,1,1,5,1,1,1,5,5,0.86,621
1,29,y,rc,0,1,0,5,10,1,1,1,0.5,10,1,1,1,1,10,1,1,1,1,10,1,1,1,2,10,1,1,1,5,9,0.32,137
1,29,y,rc,0,1,0,1,2,1,1,1,1,1,1,1,1,1,1,1,1,1,5,1,1,1,1,5,2,1,1,1,5,2,0.01,138
1,29,y,rc,0,1,0,1,4,0,1,0,20,3,0,1,0,10,5,0,1,1,5,5,1,1,1,5,5,1,1,1,5,5,0.15,139
1,29,y,rc,1,1,1,5,1,1,0,1,15,1,1,1,1,33,1,1,1,1,20,1,1,1,1,10,2,1,1,1,5,3,-0.01,142
2,21,o,rc,0,0,0,0,3,0,1,0,5,3,0,1,0,5,2,0,1,0,5,2,0,1,0,5,2,0,1,1,5,3,,202
1,29,o,r,0,0,0,0,6,0,1,0,1,8,0,0,0,0,8,0,0,0,0.5,5,0,0,0,0.5,0,0,0,0,0,8,1.46,97
1,29,y,rc,0,1,0,5,9,1,1,1,1,9,1,1,1,1,8,1,1,1,1,8,1,1,1,1,9,1,1,1,5,9,0.67,143
2,21,o,r,0,0,0,0,3,0,0,0,0,3,0,0,0,0,3,0,1,0,0,4,0,1,0,2,4,0,1,0,5,4,,185
2,21,o,r,0,1,0,10,3,0,1,0,5,3,0,1,0,10,3,0,1,0,15,3,0,1,0,10,3,0,1,0,5,4,5.66,187
2,21,o,r,0,1,0,15,1,0,1,0,35,1,0,1,0,25,1,0,1,0,20,1,0,1,0,10,1,0,1,0,5,3,2.56,188
1,29,y,rc,0,1,0,5,2,1,1,1,0.5,2,1,1,1,1,2,1,1,1,1,2,1,1,1,1,2,1,1,1,5,2,0.17,144
1,29,y,rc,0,1,0,2,4,1,1,1,10,4,1,1,1,0,6,1,1,1,1,6,1,1,1,2,6,1,1,1,5,6,0.35,145
5,29,o,rc,0,1,0,0,3,0,1,0,0,3,1,1,1,0.5,3,1,1,1,0.5,3,1,1,1,1,3,1,1,1,5,4,1.01,628
3,29,y,rc,0,1,0,5,9,1,1,1,1,9,1,1,1,1,8,1,1,1,1,8,1,1,1,1,9,1,1,1,5,9,0.67,387
3,29,y,rc,0,1,0,5,2,1,1,1,10,2,1,1,1,20,2,1,1,1,15,2,1,1,1,5,2,1,1,1,5,2,0.17,388
3,29,y,rc,0,1,0,2,4,1,1,1,10,4,1,1,1,0,6,1,1,1,0.5,6,1,1,1,5,6,1,1,1,5,6,0.35,389
3,29,y,rc,0,0,0,0,5,0,1,0,1,5,0,1,0,1,5,0,1,0,1,2,1,1,1,5,5,1,1,1,5,4,0.13,390
3,29,y,rc,0,1,0,1,5,0,1,0,0.5,5,0,1,0,0.5,5,0,1,0,1,5,1,1,1,1,5,1,1,1,5,4,0.13,394
3,29,y,rc,0,1,0,1,3,0,1,0,5,4,1,1,1,0,4,1,1,1,0,4,1,1,1,1,4,1,1,1,5,4,0.49,395
3,29,y,rc,0,0,0,0,2,0,1,0,1,2,0,1,0,0,2,0,1,0,1,3,1,1,1,5,2,1,1,1,5,2,0.17,398
3,29,y,rc,0,0,0,0,9,0,0,0,0,9,1,0,0,1,8,1,1,1,5,8,1,1,1,5,9,1,1,1,5,9,0.67,401
3,29,y,rc,0,1,0,0,1,0,1,0,5,2,0,1,0,0,2,0,1,0,1,3,1,1,0,1,3,1,1,0,5,3,0.02,404
4,21,o,rc,0,0,0,1,8,0,1,0,10,8,0,1,0,20,9,1,1,1,15,9,1,1,1,10,9,1,1,1,5,7,,453
5,29,y,rc,0,1,0,1,1,0,1,0,5,1,0,1,0,0,1,1,1,1,5,1,1,1,1,5,2,1,1,1,5,4,0.04,636
5,29,y,rc,0,1,0,1,3,0,1,0,5,2,1,1,1,0,3,1,1,1,0,4,1,1,1,1,4,1,1,1,5,4,0.49,638
5,29,y,rc,0,0,0,0,7,1,0,0,1,9,0,0,0,0.5,9,1,0,0,0.5,9,1,1,0,1,8,1,1,1,5,8,0.59,648
1,29,y,rc,0,1,0,5,4,0,1,0,10,4,0,1,0,0,6,0,1,0,1,6,0,1,0,1,2,1,1,0,5,7,0.35,141
1,29,y,rc,0,1,0,10,3,0,1,0,5,2,0,1,0,5,3,0,1,0,10,3,0,1,0,5,3,1,1,0,5,3,0.34,153
3,29,y,rc,0,0,0,0,3,0,0,0,0,4,0,0,0,0,4,0,0,0,1,4,0,0,0,0,4,1,1,1,5,4,0.49,403
2,21,y,rc,0,0,0,0,1,0,0,0,0,1,0,0,0,0,1,0,0,0,0,1,0,0,0,0,1,1,1,0,5,2,0.99,207
4,21,y,c,0,0,0,0,1,0,0,0,0,1,0,0,0,0,1,0,0,0,0,1,0,0,0,0,1,1,0,0,0.5,2,0.23,462
4,21,y,c,0,0,0,0,3,0,0,0,0,3,0,0,0,0,3,0,0,0,0,3,0,0,0,0,4,1,0,0,0.5,6,4.92,463
1,29,o,c,0,0,0,0,1,0,0,0,1,2,0,0,0,0,2,1,0,0,0.5,2,1,0,0,0.5,2,1,0,0,0.5,2,1.02,4
1,29,o,c,0,0,0,0,5,1,0,0,0.5,5,1,0,0,0.5,5,1,0,0,0.5,5,1,0,0,0.5,5,1,0,0,0.5,5,1.5,10
1,29,o,c,0,0,0,0,3,1,0,0,0.5,3,1,0,0,1,3,1,0,0,2,3,1,0,0,1,3,1,0,0,0.5,4,0.47,13
2,21,y,c,0,0,0,5,1,0,0,0,0,1,1,0,0,1,1,0,0,0,1,1,0,0,0,0,1,0,0,0,0,2,,154
2,21,y,c,0,0,0,0,1,0,0,0,0,1,0,0,0,0,1,0,0,0,0,1,0,0,0,0,1,0,0,0,0,2,,155
2,21,y,c,0,0,0,0,4,0,0,0,0,0,0,0,0,0,0,0,0,0,0,0,0,0,0,0,0,0,0,0,0,0,0,156
2,21,y,c,0,0,0,0,2,0,0,0,0,2,0,0,0,0,2,0,0,0,0,2,1,0,0,0.5,2,0,0,0,0,3,,159
2,21,y,c,0,0,0,0,1,0,0,0,0,2,0,0,0,0,2,0,0,0,1,3,0,0,0,0,3,0,0,0,0,3,,160
6,21,y,rc,0,1,0,5,6,0,1,0,1,6,0,1,0,1,5,0,1,0,5,5,0,1,1,5,6,1,1,1,5,6,,786
6,21,y,rc,0,1,0,10,2,0,1,0,5,3,0,1,0,5,3,1,1,1,10,2,0,1,1,5,3,1,1,1,5,3,,865
2,21,y,m,0,0,0,0,1,0,0,0,0,1,0,0,0,0,1,0,0,0,0,1,0,0,0,0,1,0,0,0,0,2,,168
2,21,y,m,0,0,0,0,2,0,0,0,0,2,0,0,0,0,1,0,0,0,0,1,0,0,0,0,3,0,0,0,0,6,2.46,169
2,21,y,m,0,0,0,0,3,0,0,0,0,2,0,0,0,0,3,0,0,0,0,3,0,0,0,0,2,0,0,0,0,5,3.19,170
2,21,y,m,0,0,0,0,1,0,0,0,0,1,0,0,0,0,1,0,0,0,0,1,0,0,0,0,1,0,0,0,0,4,1.29,171
2,21,y,m,0,0,0,0,2,0,0,0,0,3,0,0,0,0,1,0,0,0,0,2,0,0,0,0,4,0,0,0,0,7,,172
2,21,o,r,0,1,0,15,3,0,1,0,20,3,0,1,0,20,3,0,1,0,20,3,0,1,0,10,3,0,1,0,5,4,,189
2,21,o,c,0,0,0,0,3,1,0,0,0.5,3,1,0,0,0.5,3,0,0,0,0,3,0,0,0,0,3,0,0,0,2,3,0.91,237
1,29,o,c,0,0,0,0,4,0,0,0,0,4,1,0,0,1,3,1,0,0,1,3,1,0,0,0.5,1,1,0,0,0.5,4,1.36,16
4,21,o,rc,0,0,0,0,2,0,1,0,1,3,0,1,0,0,3,0,1,0,0,3,1,1,0,5,3,0,1,0,5,3,,454
3,29,o,c,0,0,0,0,6,0,0,0,0,6,0,0,0,0,6,1,0,0,5,6,1,0,0,1,6,1,0,0,0.5,6,0.47,252
1,29,o,r,0,1,0,2,5,0,1,0,0.5,6,0,1,0,0.5,5,0,1,0,1,5,0,1,0,1,5,0,1,0,5,5,1.29,82
1,29,o,r,0,1,0,5,6,0,1,0,0.5,8,0,1,0,0.5,8,0,1,0,0.5,8,0,1,0,1,8,0,1,0,5,8,1.46,84
1,29,o,r,0,0,0,0,5,0,0,0,0,5,0,1,0,1,5,0,1,0,1,5,0,1,0,5,5,0,1,0,5,5,1.65,85
1,29,o,r,0,0,0,0,3,0,1,0,5,3,0,1,0,5,3,0,1,0,10,3,0,1,0,10,3,0,1,0,5,3,0.81,87
1,29,o,r,0,0,0,0,3,0,1,0,1,3,0,1,0,1,3,0,1,0,1,3,0,1,0,10,3,0,1,0,5,3,0.81,91
1,29,o,r,0,0,0,0,3,0,0,0,0,3,0,0,0,0,3,0,0,0,1,0,0,0,0,1,0,0,1,0,5,3,0.81,95
1,29,y,r,0,1,0,5,2,0,1,0,25,2,0,1,0,5,1,0,1,0,2,3,0,1,0,2,3,0,1,0,5,3,0.14,107
3,29,o,c,0,0,0,0,4,0,0,0,0,5,1,0,0,1,5,1,0,0,1,5,1,0,0,0.5,5,1,0,0,0.5,5,0.32,253
3,29,o,c,0,0,0,0,4,1,0,0,0,4,1,0,0,0.5,4,1,0,0,0.5,4,1,0,0,0.5,4,1,0,0,0.5,4,0.95,261
2,21,o,c,0,0,0,0,2,0,0,0,0,2,0,0,0,0,3,0,0,0,0,3,0,0,0,0,3,0,0,0,1,3,4.78,244
1,29,y,r,0,1,0,1,2,0,1,0,1,4,0,1,0,10,4,0,1,0,1,4,0,1,0,1,4,0,1,0,5,4,0.24,108
2,21,o,m,0,0,0,0,4,0,0,0,0,4,0,0,0,0,4,0,0,0,0,5,0,0,0,0,5,0,0,0,1,5,7.08,248
2,21,o,c,0,0,0,0,4,0,0,0,0,3,1,0,0,0.5,4,0,0,0,0,0,1,0,0,1,4,0,0,0,0.5,4,,161
2,21,o,c,0,0,0,0,4,1,0,0,0.5,4,1,0,0,0.5,4,4,1,0,0,1,4,0,0,1,3,0,0,0,0.5,4,,235
1,29,y,r,0,1,0,5,2,0,1,0,1,4,0,1,0,10,4,0,0,0,4,0,0,1,0,4,1,0,1,0,5,4,0.24,110
1,29,y,r,0,1,0,10,2,0,1,0,25,2,0,1,0,5,1,0,1,0,3,2,0,1,0,3,2,0,1,0,5,3,0.14,115
2,21,o,r,0,0,0,0,3,0,0,0,0,3,0,1,0,1,3,0,1,0,0,1,0,1,0,1,3,0,1,0,5,4,6.2,236
2,21,o,r,0,1,0,15,1,0,1,0,35,1,0,1,0,25,1,0,1,0,20,1,0,1,0,10,1,0,1,0,5,3,2.56,241
5,29,y,c,0,0,0,0,4,0,0,0,0,4,1,0,0,0.5,5,1,0,0,1,1,0,0,0,0,1,1,0,0,0.5,5,0.56,531
2,21,y,m,0,0,0,0,1,0,0,0,0,1,0,0,0,0,1,0,0,0,0,1,0,0,0,0,1,0,0,0,0,2,0.08,208
2,21,o,r,0,1,0,15,3,0,1,0,20,3,0,1,0,20,3,0,1,0,20,3,0,1,0,10,3,0,1,0,5,4,,243
2,21,y,m,0,0,0,0,2,0,0,0,0,2,0,0,0,0,1,0,0,0,0,1,0,0,0,0,3,0,0,0,0,6,2.46,210
2,21,y,r,0,1,0,5,1,0,1,0,10,1,0,1,0,15,1,0,1,0,30,1,0,1,0,30,1,0,1,0,5,2,,184
6,21,y,c,0,0,0,0,3,0,0,0,0,3,0,0,0,0,3,0,0,0,0,3,0,0,0,0,4,1,0,0,0.5,6,4.92,654
2,21,y,c,0,0,0,5,1,0,0,0,0,1,1,0,0,1,1,0,0,0,1,1,0,0,0,0,1,0,0,0,0,2,0.13,213
3,29,o,r,0,1,0,1,7,0,1,0,1,6,0,1,0,1,6,0,1,0,1,6,0,1,0,5,6,0,1,0,5,6,0.96,332
6,21,y,c,0,0,0,0,2,0,0,0,0,2,0,0,0,0,2,0,0,0,0,4,0,0,0,0,4,1,0,0,0.5,6,0.31,714
3,29,o,r,0,1,0,10,6,0,1,0,0.5,7,0,1,0,0.5,6,0,1,0,1,5,0,1,0,5,5,0,1,0,5,5,0.89,335
6,21,y,c,0,0,0,0,3,0,0,0,0,3,0,0,0,0,4,0,0,0,0,4,1,0,0,0.5,6,1,0,0,0.5,6,,794
3,29,o,r,0,0,0,0,6,0,1,0,0.5,5,0,1,0,0.5,6,0,1,0,0.5,5,0,1,0,1,5,0,1,0,5,6,1.11,336
3,29,o,r,0,1,0,5,6,0,1,0,0.5,8,0,1,0,0.5,8,0,1,0,0.5,8,0,1,0,5,8,0,1,0,5,8,1.46,339
3,29,o,r,0,0,0,0,6,0,1,0,1,5,0,1,0,1,6,0,1,0,1,5,0,1,0,1,5,0,1,0,5,6,1.11,340
4,21,o,c,0,0,0,0,7,0,0,0,0,8,0,0,0,0,8,1,0,0,1,8,1,0,0,1,8,1,0,0,0.5,7,6.84,417
3,29,o,r,0,0,0,0,3,0,0,0,0,3,0,0,0,0,3,0,1,0,0.5,0,0,1,0,0.5,5,0,1,0,5,4,0.97,347
6,21,y,c,0,0,0,0,1,0,0,0,0,2,0,0,0,0,2,0,0,0,0,2,1,0,0,0.5,2,1,0,0,0.5,2,,837
3,29,y,r,0,1,0,15,2,0,1,0,1,4,0,1,0,1,4,0,1,0,1,4,0,1,0,1,4,0,1,0,5,4,0.24,348
3,29,y,r,0,1,0,5,3,0,1,0,10,3,0,1,0,10,3,0,1,0,5,4,0,1,0,5,4,0,1,0,5,4,0.61,351
2,21,y,m,0,0,0,0,1,0,0,0,0,1,0,0,0,0,1,0,0,0,0,1,0,0,0,0,1,0,0,0,1,4,1.29,227
2,21,y,m,0,0,0,0,3,0,0,0,0,3,0,0,0,0,4,0,0,0,0,4,0,0,0,0,4,0,0,0,0,4,0.21,228
2,21,y,m,0,0,0,0,1,0,0,0,0,1,0,0,0,0,1,0,0,0,0,1,0,0,0,0,1,0,0,0,0,3,0.18,229
3,29,y,r,0,1,0,1,2,0,1,0,5,2,0,1,0,1,2,0,1,0,0,2,0,1,0,0,2,0,1,0,5,2,0.1,352
2,21,o,c,0,0,0,0,3,0,0,0,0,3,0,0,0,0,3,1,0,0,0.5,3,1,0,0,0.5,3,0,0,0,0.5,3,0.9,246
2,21,o,c,0,0,0,0,3,0,0,0,0,3,0,0,0,0,3,0,0,0,0,3,0,0,0,0,3,0,0,0,0,5,,162
2,21,o,c,0,0,0,0,7,1,0,0,0.5,7,1,0,0,0.5,7,1,0,0,1,7,0,0,0,0,7,0,0,0,0,7,9.16,165
2,21,o,m,0,0,0,0,3,0,0,0,0,3,0,0,0,0,3,0,0,0,0,4,0,0,0,0,4,0,0,0,0,5,,173
2,21,o,m,0,0,0,0,3,0,0,0,0,3,0,0,0,0,3,0,0,0,0,3,0,0,0,0,4,0,0,0,0,4,,174
2,21,o,m,0,0,0,0,3,0,0,0,0,3,0,0,0,0,3,0,0,0,0,3,0,0,0,0,3,0,0,0,0,3,,175
2,21,o,m,0,0,0,0,3,0,0,0,0,3,0,0,0,0,3,0,0,0,0,3,0,0,0,0,3,0,0,0,0,3,,176
2,21,o,m,0,0,0,0,3,0,0,0,0,3,0,0,0,0,3,0,0,0,0,3,0,0,0,0,4,0,0,0,0,4,6.35,177
2,21,o,r,0,0,0,0,4,0,0,0,0,3,0,0,0,0,4,0,0,0,0,4,0,0,0,0,4,0,0,0,0,4,4.58,190
2,21,o,m,0,0,0,0,3,0,0,0,0,3,0,0,0,0,3,0,0,0,0,3,0,0,0,0,4,0,0,0,0,4,1.34,231
2,21,o,m,0,0,0,0,3,0,0,0,0,3,0,0,0,0,3,0,0,0,0,4,0,0,0,0,4,0,0,0,0,5,0.91,232
2,21,o,m,0,0,0,0,3,0,0,0,0,3,0,,0,,3,0,1,0,0,4,0,0,0,0,4,0,0,0,0,4,9.2,233
2,21,o,r,0,0,0,0,4,0,0,0,0,3,0,0,0,0,4,0,0,0,0,4,0,0,0,0,4,0,0,0,0,4,4.58,245
2,21,o,m,0,0,0,0,3,0,0,0,0,3,0,0,0,0,3,0,0,0,0,3,0,0,0,0,4,0,0,0,0,4,7.45,249
3,29,o,c,0,0,0,0,3,0,0,0,0,3,0,0,0,0,3,0,0,0,0,3,0,0,0,0,3,0,0,0,0,4,0.47,257
3,29,o,c,0,0,0,0,7,0,0,0,0,7,0,0,0,0,7,0,0,0,0,7,0,0,0,0,5,0,0,0,0,7,1.66,269
3,29,o,c,0,0,0,0,4,0,0,0,0,3,0,0,0,0,4,0,0,0,0,4,0,0,0,0,2,0,0,0,0,4,1.02,270
3,29,y,c,0,0,0,0,1,0,0,0,0,1,0,0,0,0,1,0,0,0,0,1,0,0,0,0,1,0,0,0,0,2,0.07,272
3,29,y,c,0,0,0,0,4,0,0,0,0,5,0,0,0,0,5,0,0,0,0,2,0,0,0,0,2,0,0,0,0,5,0.47,273
3,29,y,c,0,0,0,0,3,0,0,0,0,3,0,0,0,0,5,1,0,0,1,0,0,0,0,0.5,0,0,0,0,0,5,0.34,277
3,29,y,c,0,0,0,0,1,0,0,0,0,1,0,0,0,0,1,0,0,0,0,1,0,0,0,0,1,0,0,0,0,2,0.07,278
3,29,y,c,0,0,0,0,4,0,0,0,0,5,0,0,0,0,5,0,0,0,0,2,0,0,0,0,2,0,0,0,0,5,0.47,279
3,29,y,c,0,0,0,0,3,0,0,0,0,3,0,0,0,0,5,0,0,0,0,0,0,0,0,0.5,0,0,0,0,0,5,0.34,283
3,29,y,c,0,0,0,0,1,0,0,0,0,2,0,0,0,0,3,0,0,0,0,3,0,0,0,0,4,0,0,0,0,3,0.42,289
3,29,o,m,0,0,0,0,5,0,0,0,0,5,0,0,0,0,5,0,0,0,0,5,0,0,0,0,5,0,0,0,0,5,1.1,291
3,29,o,m,0,0,0,0,4,0,0,0,0,4,0,0,0,0,4,0,0,0,0,4,0,0,0,0,4,0,0,0,0,4,1.06,292
3,29,o,m,0,0,0,0,4,0,0,0,0,5,0,0,0,0,5,0,0,0,0,5,0,0,0,0,5,0,0,0,0,5,1.13,293
3,29,o,m,0,0,0,0,5,0,0,0,0,5,0,0,0,0,5,0,0,0,0,5,0,0,0,0,5,0,0,0,0,5,1.44,294
3,29,o,m,0,0,0,0,5,0,0,0,0,5,0,0,0,0,5,0,0,0,0,5,0,0,0,0,6,0,0,0,0,6,0.87,295
3,29,o,m,0,0,0,0,4,0,0,0,0,4,0,0,0,0,5,0,0,0,0,5,0,0,0,0,5,0,0,0,0,5,1.04,296
3,29,o,m,0,0,0,0,6,0,0,0,0,6,0,0,0,0,7,0,0,0,0,7,0,0,0,0,7,0,0,0,0,7,1.23,297
3,29,o,m,0,0,0,0,4,0,0,0,0,4,0,0,0,0,4,0,0,0,0,4,0,0,0,0,4,0,0,0,0,4,1.06,298
3,29,o,m,0,0,0,0,4,0,0,0,0,4,0,0,0,0,4,0,0,0,0,5,0,0,0,0,5,0,0,0,0,5,1.67,299
3,29,o,m,0,0,0,0,5,0,0,0,0,5,0,0,0,0,4,0,0,0,0,4,0,0,0,0,4,0,0,0,0,4,0.23,300
3,29,o,m,0,0,0,0,5,0,0,0,0,5,0,0,0,0,5,0,0,0,0,5,0,0,0,0,5,0,0,0,0,5,1.61,301
3,29,o,m,0,0,0,0,3,0,0,0,0,3,0,0,0,0,3,0,0,0,0,3,0,0,0,0,3,0,0,0,1,2,1.1,302
3,29,o,m,0,0,0,0,5,0,0,0,0,5,0,0,0,0,5,0,0,0,0,5,0,0,0,0,5,0,0,0,0,5,1.06,303
3,29,o,m,0,0,0,0,5,0,0,0,0,5,0,0,0,0,5,0,0,0,0,5,0,0,0,0,6,0,0,0,0,6,1.36,304
3,29,o,m,0,0,0,0,3,0,0,0,0,3,0,0,0,0,4,0,0,0,0,4,0,0,0,0,4,0,0,0,0,5,1.09,305
3,29,o,m,0,0,0,0,4,0,0,0,0,4,0,0,0,0,4,0,0,0,0,4,0,0,0,0,4,0,0,0,0,4,1.13,306
3,29,o,m,0,0,0,0,3,0,0,0,0,4,0,0,0,0,4,0,0,0,0,4,0,0,0,0,4,0,0,0,0,4,1.27,307
3,29,o,m,0,0,0,0,5,0,0,0,0,5,0,0,0,0,6,0,0,0,0,6,0,0,0,0,6,0,0,0,0,6,1.06,308
3,29,o,m,0,0,0,0,3,0,0,0,0,3,0,0,0,0,4,0,0,0,0,4,0,0,0,0,4,0,0,0,0,4,1.09,309
3,29,o,m,0,0,0,0,4,0,0,0,0,4,0,0,0,0,4,0,0,0,0,4,0,0,0,0,4,0,0,0,0,4,1.01,310
3,29,y,m,0,0,0,0,3,0,0,0,0,3,0,0,0,0,2,0,0,0,0,3,0,0,0,0,4,0,0,0,0,4,0.41,311
3,29,y,m,0,0,0,0,2,0,0,0,0,2,0,0,0,0,1,0,0,0,0,2,0,0,0,0,2,0,0,0,0,3,0.55,312
3,29,y,m,0,0,0,0,3,0,0,0,0,3,0,0,0,0,2,0,0,0,0,3,0,0,0,0,5,0,0,0,0,5,0.27,313
3,29,y,m,0,0,0,0,5,0,0,0,0,5,0,0,0,0,3,0,0,0,0,5,0,0,0,0,6,0,0,0,0,7,0.8,314
3,29,y,m,0,0,0,0,6,0,0,0,0,6,0,0,0,0,8,0,0,0,0,0,0,0,0,0,0,0,0,0,0,5,0.49,315
3,29,y,m,0,0,0,0,7,0,0,0,0,8,0,0,0,0,8,0,0,0,0,0,0,0,0,0,0,0,0,0,0,9,0.41,316
3,29,y,m,0,0,0,0,7,0,0,0,0,7,0,0,0,0,9,0,0,0,0,0,0,0,0,0,0,0,0,0,0,8,0.55,317
3,29,y,m,0,0,0,0,3,0,0,0,0,3,0,0,0,0,4,0,0,0,0,0,0,0,0,0,0,0,0,0,0,5,0.27,318
3,29,y,m,0,0,0,0,1,0,0,0,0,2,0,0,0,0,3,0,0,0,0,0,0,0,0,0,0,0,0,0,0,3,0.27,319
3,29,y,m,0,0,0,0,1,0,0,0,0,1,0,0,0,0,1,0,0,0,0,0,0,0,0,0,0,0,0,0,0,4,0.03,320
3,29,y,m,0,0,0,0,3,0,0,0,0,5,0,0,0,0,4,0,0,0,0,0,0,0,0,0,0,0,0,0,0,3,0.44,321
3,29,y,m,0,0,0,0,8,0,0,0,0,8,0,0,0,0,8,0,0,0,0,0,0,0,0,0,0,0,0,0,0,10,0.46,322
3,29,y,m,0,0,0,0,1,0,0,0,0,0,0,0,0,0,4,0,0,0,0,0,0,0,0,0,0,0,0,0,0,4,,323
3,29,y,m,0,0,0,0,3,0,0,0,0,3,0,0,0,0,5,0,0,0,0,0,0,0,0,0,0,0,0,0,0,7,0.28,324
3,29,y,m,0,0,0,0,1,0,0,0,0,2,0,0,0,0,3,0,0,0,0,0,0,0,0,0,0,0,0,0,0,3,0.15,325
3,29,y,m,0,0,0,0,4,0,0,0,0,4,0,0,0,0,4,0,0,0,0,0,0,0,0,0,0,0,0,0,0,5,0.25,326
3,29,y,m,0,0,0,0,1,0,0,0,0,1,0,0,0,0,2,0,0,0,0,0,0,0,0,0,0,0,0,0,0,5,0.08,327
3,29,y,m,0,0,0,0,3,0,0,0,0,4,0,0,0,0,4,0,0,0,0,0,0,0,0,0,0,0,0,0,0,4,0.19,328
3,29,y,m,0,0,0,0,3,0,0,0,0,4,0,0,0,0,4,0,0,0,0,0,0,0,0,0,0,0,0,0,0,4,0.27,329
3,29,y,m,0,0,0,0,1,0,0,0,0,0,0,0,0,0,1,0,0,0,0,0,0,0,0,0,0,0,0,0,0,4,0.12,330
3,29,y,rc,0,1,0,5,4,0,1,0,5,4,0,1,0,0,6,0,1,0,1,6,0,1,0,5,6,0,1,0,5,5,0.35,385
4,21,o,r,0,1,0,5,3,0,1,0,5,3,0,1,0,5,4,0,1,0,5,4,0,1,0,10,4,0,1,0,5,5,,439
4,21,o,r,0,1,0,5,8,0,1,0,5,8,0,1,0,5,8,0,1,0,5,8,0,1,0,1,7,0,1,0,5,8,9.51,440
6,21,y,rc,0,1,0,5,3,0,1,0,5,3,0,1,0,5,4,0,1,0,8,4,0,1,0,5,5,0,1,0,5,5,,766
4,21,o,r,0,1,0,1,4,0,1,0,1,4,0,1,0,1,4,0,1,0,1,4,0,1,0,5,4,0,1,0,5,5,,493
5,29,o,r,0,0,0,0,5,0,0,0,0,5,0,1,0,5,5,0,1,0,5,5,0,1,0,5,5,0,1,0,5,5,1.65,581
5,29,o,r,0,0,0,0,3,0,1,0,0.5,3,0,1,0,0.5,3,0,1,0,1,3,0,1,0,1,3,0,1,0,5,4,0.97,584
5,29,o,r,0,1,0,10,7,0,1,0,1,7,0,1,0,0.5,7,0,1,0,1,7,0,1,0,1,7,0,1,0,5,7,1.6,585
5,29,o,r,0,1,0,1,7,0,1,0,0.5,6,0,1,0,0.5,6,0,1,0,1,6,0,1,0,1,6,0,1,0,5,6,0.96,586
5,29,o,r,0,1,0,8,6,0,1,0,5,6,0,1,0,5,6,0,1,0,10,6,0,1,0,5,6,0,1,0,5,7,1.56,587
5,29,o,r,0,1,0,10,6,0,1,0,0.5,7,0,1,0,1,6,0,1,0,1,5,0,1,0,5,5,0,1,0,5,5,0.89,589
5,29,o,r,0,0,0,0,6,0,0,0,0,6,0,0,0,0,6,0,1,0,0.5,0,0,1,0,0.5,5,0,1,0,5,7,1.56,595
5,29,y,r,0,1,0,5,2,0,1,0,25,2,0,1,0,5,1,0,1,0,2,3,0,1,0,2,3,0,1,0,5,3,0.14,601
5,29,y,r,0,1,0,1,2,0,1,0,1,4,0,1,0,10,4,0,1,0,1,4,0,1,0,1,4,0,1,0,5,4,0.24,602
3,29,o,r,0,0,0,0,5,0,0,0,0,6,0,0,0,0,5,0,0,0,0.5,1,0,0,0,1,0,0,0,0,0,5,1.29,345
5,29,y,r,0,1,0,15,2,0,1,0,1,4,0,1,0,1,4,0,1,0,1,4,0,1,0,1,4,0,1,0,5,4,0.24,604
5,29,y,r,0,1,0,5,3,0,1,0,10,3,0,1,0,10,3,0,1,0,5,4,0,1,0,5,4,0,1,0,5,4,0.61,607
5,29,y,r,0,1,0,1,2,0,1,0,5,2,0,1,0,1,2,0,1,0,0,2,0,1,0,0,2,0,1,0,5,2,0.1,608
5,29,y,r,0,1,0,10,3,0,1,0,10,3,0,1,0,10,3,0,1,0,4,5,0,1,0,4,5,0,1,0,5,4,0.61,615
5,29,y,r,0,1,0,10,2,0,0,0,0,2,0,1,0,1,2,0,0,0,2,0,0,0,0,2,0,0,1,0,5,2,0.1,616
5,29,y,rc,0,0,0,0,5,0,1,0,40,5,0,1,0,15,5,0,1,0,10,5,0,1,0,5,5,0,1,0,5,6,0.34,641
5,29,y,rc,0,0,0,0,1,0,0,0,0,1,0,1,0,0,1,0,1,0,1,2,0,1,0,1,2,0,1,0,5,2,0.04,650
6,21,o,r,0,0,0,0,3,0,0,0,0,3,0,1,0,1,3,0,1,0,0,0,0,1,0,1,3,0,1,0,5,4,6.2,686
6,21,o,r,0,1,0,1,4,0,1,0,1,4,0,1,0,1,4,0,1,0,1,4,0,1,0,5,4,0,1,0,5,5,,689
6,21,y,rc,0,1,0,15,2,0,1,0,5,1,0,1,0,5,1,0,1,0,8,1,0,1,0,5,4,0,1,0,5,4,,792
6,21,y,r,0,0,0,0,2,0,0,0,0,2,0,0,0,0,2,0,0,0,0,2,0,1,0,1,2,0,1,0,5,5,2.26,713
6,21,y,r,0,1,0,5,1,0,1,0,10,1,0,1,0,15,1,0,1,0,30,1,0,1,0,30,1,0,1,0,5,2,,725
6,21,o,r,0,0,0,0,3,0,0,0,0,3,0,0,0,0,3,0,0,0,0,4,0,1,0,2,4,0,1,0,5,4,0.61,735
6,21,o,r,0,1,0,10,3,0,1,0,5,3,0,1,0,10,3,0,1,0,15,3,0,1,0,10,3,0,1,0,5,4,5.66,739
6,21,o,r,0,1,0,5,3,0,1,0,5,3,0,1,0,5,4,0,1,0,5,4,0,1,0,10,4,0,1,0,5,5,,742
6,21,o,r,0,1,0,5,8,0,1,0,5,8,0,1,0,5,8,0,1,0,5,8,0,1,0,1,7,0,1,0,5,8,9.51,744
6,21,o,r,0,1,0,5,3,0,1,0,5,2,0,1,0,5,3,0,1,0,2,3,0,1,0,5,3,0,1,0,5,3,,752
6,21,y,r,0,1,0,15,2,0,1,0,2,3,0,1,0,2,3,0,1,0,2,3,0,1,0,5,4,0,1,0,5,4,,758
6,21,y,r,0,1,0,10,2,0,1,0,5,2,0,1,0,5,2,0,1,0,10,3,0,1,0,5,2,0,1,0,5,2,,789
6,21,o,r,0,1,0,25,2,0,1,0,10,2,0,1,0,10,2,0,1,0,10,3,0,1,0,5,3,0,1,0,5,3,,803
6,21,o,rc,0,1,0,5,2,0,1,0,2,3,0,1,0,2,3,0,1,0,2,3,0,1,0,5,3,0,1,0,5,3,,813
6,21,y,r,0,1,0,20,2,0,1,0,5,3,0,1,0,5,3,0,1,0,10,3,0,1,0,5,7,0,1,0,5,7,,820
6,21,o,rc,0,1,0,5,3,0,1,0,5,3,0,1,0,5,4,0,1,0,5,4,0,1,0,5,4,0,1,0,5,4,,828
6,21,o,r,0,1,0,15,2,0,1,0,5,2,0,1,0,5,2,0,1,0,10,3,0,1,0,5,3,0,1,0,5,3,,832
6,21,o,r,0,1,0,5,2,0,1,0,5,4,0,1,0,5,4,0,1,0,5,4,0,1,0,5,4,0,1,0,5,4,,860
6,21,o,r,0,1,0,5,4,0,1,0,2,4,0,1,0,2,4,0,1,0,1,4,0,1,0,5,4,0,1,0,5,4,,874
6,21,o,rc,0,1,0,1,2,0,1,0,2,2,0,1,0,2,2,0,1,0,5,2,0,1,0,5,2,0,1,0,5,2,,884
6,21,o,rc,0,0,0,0,3,0,1,0,5,3,0,1,0,5,3,0,1,0,5,3,0,1,0,5,3,0,1,0,5,3,,902
1,29,y,rc,0,0,0,0,10,0,1,0,1,10,0,1,0,5,10,1,1,1,5,8,1,1,1,5,9,1,1,1,2,9,0.32,140
5,29,y,rc,0,1,0,5,10,1,1,1,1,10,1,1,1,1,10,1,1,1,1,10,1,1,1,1,10,1,1,1,2,9,0.32,644
6,21,y,c,0,0,0,0,2,0,0,0,0,2,0,0,0,0,2,0,0,0,0,2,1,0,0,0.5,3,1,0,0,0.5,3,,899
1,29,y,rc,0,1,0,1,5,0,1,0,1,4,0,1,0,2,4,0,1,0,2,4,0,1,0,2,4,1,1,0,2,2,0.35,135
2,21,y,rc,0,0,0,0,1,0,0,0,0,1,0,0,0,0,1,0,0,0,0,1,0,0,0,0,1,1,1,0,2,2,0.99,192
4,21,y,rc,0,0,0,0,1,0,0,0,0,1,0,0,0,0,1,0,0,0,0,1,0,0,0,0,1,1,1,0,2,1,0.23,459
6,21,y,rc,0,1,0,5,5,0,0,0,2,5,0,1,0,2,5,0,1,0,10,5,0,1,0,2,5,1,1,0,2,5,,787
1,29,y,c,0,0,0,0,1,0,0,0,0,1,1,0,0,1,1,1,0,0,0.5,0,1,0,0,0.5,1,1,0,0,0.01,1,-0.03,23
4,21,y,c,0,0,0,0,1,0,0,0,0,1,0,0,0,0,1,0,0,0,0,1,0,0,0,0,2,0,0,0,0,4,,406
4,21,y,c,0,0,0,0,1,0,0,0,0,1,0,0,0,0,1,0,0,0,0,1,0,0,0,0,3,0,0,0,0,3,,407
1,29,y,c,0,0,0,0,1,0,0,0,0,1,1,0,0,1,1,1,0,0,1,0,1,0,0,0.5,0,1,0,0,0.01,1,-0.03,29
4,21,y,m,0,0,0,0,1,0,0,0,0,1,0,0,0,0,1,0,0,0,0,1,0,0,0,0,1,0,0,0,0,1,0.36,418
4,21,y,m,0,0,0,0,1,0,0,0,0,1,0,0,0,0,1,0,0,0,0,1,0,0,0,0,2,0,0,0,0,4,1.67,419
4,21,y,m,0,0,0,0,3,0,0,0,0,3,0,0,0,0,4,0,0,0,0,4,0,0,0,0,4,0,0,0,0,6,1.26,420
4,21,y,m,0,0,0,0,1,0,0,0,0,0,0,0,0,0,0,0,0,0,0,0,0,0,0,0,0,0,0,0,0,0,0,421
4,21,y,m,0,0,0,0,1,0,0,0,0,1,0,0,0,0,1,0,0,0,0,1,0,0,0,0,1,0,0,0,0,1,,422
4,21,y,m,0,0,0,0,1,0,0,0,0,1,0,0,0,0,1,0,0,0,0,1,0,0,0,0,1,0,0,0,0,3,,423
4,21,o,m,0,0,0,0,4,0,0,0,0,4,0,0,0,0,4,0,0,0,0,4,0,0,0,0,4,0,0,0,0,5,6.75,424
4,21,o,m,0,0,0,0,3,0,0,0,0,3,0,0,0,0,3,0,0,0,0,4,0,0,0,0,4,0,0,0,0,4,,425
4,21,o,m,0,0,0,0,3,0,0,0,0,3,0,0,0,0,3,0,0,0,0,3,0,0,0,0,4,0,0,0,0,4,,426
4,21,o,m,0,0,0,0,3,0,0,0,0,2,0,0,0,0,3,0,0,0,0,3,0,0,0,0,3,0,0,0,0.5,4,,427
4,21,o,m,0,0,0,0,3,0,0,0,0,3,0,0,0,0,3,0,1,0,0,3,0,0,0,0,4,0,0,0,0,4,7.02,428
2,21,o,rc,0,1,0,50,3,0,1,0,50,3,0,1,0,0,3,0,1,0,0,3,0,1,0,2,3,0,1,1,2,3,,204
2,21,y,r,0,1,0,30,1,0,1,0,50,1,0,1,0,25,1,0,1,0,25,1,0,1,0,10,1,0,1,0,2,2,1,180
4,21,y,r,0,0,0,0,1,0,0,0,0,1,0,0,0,0,1,0,1,0,1,1,0,0,0,0,1,0,0,0,0,3,,431
4,21,y,r,0,0,0,0,1,0,0,0,0,1,0,0,0,0,1,0,0,0,0,2,0,0,0,0,2,0,0,0,0,5,,432
2,21,y,r,0,1,0,30,1,0,1,0,30,1,0,1,0,25,1,0,1,0,20,1,0,1,0,10,1,0,1,0,2,2,1,216
2,21,y,r,0,1,0,1,1,0,1,0,20,1,0,1,0,1,1,0,1,0,0,0,0,1,0,2,2,0,1,0,2,4,2.01,221
4,21,y,r,0,0,0,0,1,0,0,0,0,1,0,0,0,0,1,0,0,0,0,1,0,0,0,0,1,0,1,0,2,3,1.71,464
6,21,y,r,0,0,0,0,1,0,0,0,0,1,0,0,0,0,1,0,0,0,0,1,0,0,0,0,1,0,1,0,2,3,1.71,679
6,21,y,rc,0,0,0,0,1,0,0,0,0,1,0,0,0,0,1,0,0,0,0,1,0,0,0,0,1,0,1,0,2,1,0.23,693
4,21,o,r,0,0,0,0,4,0,0,0,0,4,0,0,0,0,4,0,0,0,0,4,0,0,0,0,4,0,0,0,0,4,5.55,438
6,21,o,rc,0,1,0,10,5,0,1,0,2,6,0,1,0,2,7,0,1,0,1,8,0,1,0,2,9,0,1,0,2,9,,756
6,21,y,r,0,1,0,5,6,0,1,0,1,7,0,1,0,1,7,0,1,0,1,8,0,1,0,2,7,0,1,0,2,7,,763
6,21,y,r,0,1,0,5,2,0,1,0,5,3,0,1,0,5,5,0,1,0,1,6,0,1,0,2,5,0,1,0,2,5,,765
6,21,o,r,0,1,0,5,3,0,1,0,1,3,0,1,0,1,3,0,1,0,1,3,0,1,0,2,3,0,1,0,2,3,,770
3,29,y,c,0,0,0,0,2,0,0,0,0,3,0,0,0,0,3,0,0,0,0,0,1,0,0,0.5,3,1,0,0,0.01,5,0.36,275
3,29,y,c,0,0,0,0,2,1,0,0,0.5,3,1,0,0,0,3,0,0,0,1,0,0,0,0,0,0,1,0,0,0.01,5,0.36,281
6,21,o,r,0,1,0,5,2,0,1,0,2,2,0,1,0,2,3,0,1,0,1,3,0,1,0,2,3,0,1,0,2,3,,777
3,29,y,c,0,0,0,0,1,0,0,0,0,1,0,0,0,0,1,1,0,0,0.5,0,1,0,0,1,0,1,0,0,0.01,1,-0.03,286
1,29,o,rc,0,0,0,0,6,0,1,0,0,7,0,0,0,0,7,1,0,0,0,7,1,0,0,0,1,1,0,0,0.01,6,1.09,119
1,29,o,rc,0,0,0,0,6,0,1,0,0,7,0,0,0,0,7,1,0,0,0,7,1,0,0,0,1,1,0,0,0.01,6,1.09,132
4,21,y,m,0,0,0,0,1,0,0,0,0,1,0,0,0,0,1,0,0,0,0,1,0,0,0,0,1,0,0,0,0,2,2.09,458
3,29,o,rc,0,0,0,0,8,1,1,1,1,8,1,1,1,1,7,1,0,0,0,7,1,0,0,0,7,1,0,0,0.01,8,1.59,379
4,21,y,m,0,0,0,0,1,0,0,0,0,2,0,0,0,0,1,0,0,0,0,2,0,0,0,0,2,0,0,0,0,4,0.22,460
6,21,o,r,0,1,0,5,3,0,1,0,5,2,0,1,0,5,2,0,1,0,5,3,0,1,0,2,3,0,1,0,2,3,,810
6,21,o,rc,0,1,0,5,2,0,1,0,5,1,0,1,0,5,1,0,1,0,5,1,0,1,0,2,2,0,1,0,2,2,,845
5,29,o,rc,0,0,0,0,5,0,0,0,0,1,1,0,0,0,5,1,0,0,0,5,1,0,0,0,3,1,0,0,0.01,5,0.75,620
6,21,o,rc,0,1,0,15,3,0,1,0,2,4,0,1,0,2,4,1,1,1,2,5,0,1,0,2,4,0,1,0,2,4,,848
5,29,o,rc,0,0,0,0,8,0,0,0,0,8,1,0,0,0,8,1,0,0,0,8,1,0,0,0,6,1,0,0,0.01,8,1.06,629
6,21,o,r,0,1,0,15,1,0,1,0,10,2,0,1,0,10,2,0,1,0,10,3,0,1,0,2,2,0,1,0,2,2,,851
4,21,y,c,0,0,0,0,1,0,0,0,0,1,0,0,0,0,1,0,0,0,0,1,0,0,0,0,1,0,0,0,0,2,0.55,469
4,21,y,r,0,0,0,0,1,0,0,0,0,1,0,0,0,0,1,0,0,0,0,1,0,0,0,0,1,0,0,0,0,3,1.71,471
5,29,o,rc,0,0,0,0,5,0,0,0,0,1,1,0,0,0,5,1,0,0,0,5,1,0,0,0,2,1,0,0,0.01,5,0.75,633
6,21,o,rc,0,1,0,5,2,0,1,0,0.5,2,0,1,0,0.5,2,0,1,0,1,2,0,1,0,2,2,0,1,0,2,2,,856
6,21,o,rc,0,0,0,0,3,0,1,0,1,3,0,1,0,1,3,0,1,0,1,3,0,1,1,2,3,0,1,1,2,3,,864
4,21,y,m,0,0,0,0,1,0,0,0,0,0,0,0,0,0,0,0,0,0,0,0,0,0,0,0,0,0,0,0,0,0,,477
2,21,y,c,0,0,0,0,1,0,0,0,0,1,0,0,0,0,1,0,0,0,0,1,0,0,0,0,1,1,0,0,0.01,2,0.23,215
6,21,o,rc,0,1,0,2,2,0,1,0,2,2,0,1,0,2,2,0,1,0,1,3,0,1,1,2,3,0,1,1,2,3,,866
2,21,y,c,0,0,0,0,4,0,0,0,0,0,0,0,0,0,0,0,0,0,0,0,0,0,0,0,0,1,0,0,0.01,0,0,217
6,21,o,rc,0,1,0,5,5,0,1,0,5,4,0,1,0,5,4,0,1,0,2,5,0,1,0,2,4,0,1,0,2,4,,876
4,21,o,m,0,0,0,0,3,0,0,0,0,3,0,0,0,0,3,0,0,0,0,3,0,0,0,0,3,0,0,0,0,4,1.08,483
6,21,o,rc,0,1,0,2,1,0,1,0,10,2,0,1,0,10,2,0,1,0,15,2,0,1,0,2,2,0,1,0,2,2,,878
6,21,o,r,0,1,0,5,1,0,1,0,10,2,0,1,0,10,2,0,1,0,5,3,0,1,0,2,2,0,1,0,2,2,,886
4,21,o,r,0,0,0,0,4,0,0,0,0,4,0,0,0,0,4,0,0,0,0,4,0,0,0,0,4,0,0,0,0,4,5.55,490
6,21,y,r,0,1,0,5,1,0,1,0,10,2,0,1,0,10,2,0,1,0,10,2,0,1,0,2,2,0,1,0,2,2,,893
6,21,o,r,0,0,0,0,1,0,1,0,5,1,0,1,0,5,1,0,1,0,10,1,0,1,0,2,2,0,1,0,2,2,,903
1,29,o,rc,0,1,0,0,5,0,1,0,0,5,0,1,0,0,5,0,1,0,0,5,0,1,0,0,4,0,1,0,1,4,0.34,117
4,21,o,m,0,0,0,0,3,0,0,0,0,3,0,0,0,0,3,0,0,0,0,4,0,0,0,0,4,0,0,0,0,4,0.88,499
4,21,o,m,0,0,0,0,3,0,0,0,0,3,0,0,0,0,3,0,0,0,0,3,0,0,0,0,3,0,0,0,0,3,6.35,500
4,21,o,m,0,0,0,0,1,0,0,0,0,1,0,0,0,0,2,0,0,0,0,2,0,0,0,0,2,0,0,0,0,4,4.12,501
5,29,o,c,0,0,0,0,5,0,0,0,0,5,0,0,0,0,5,0,0,0,0,5,0,0,0,0,5,0,0,0,0,5,1.01,507
5,29,o,c,0,0,0,0,7,0,0,0,0,7,0,0,0,0,8,0,0,0,0,7,0,0,0,0,5,0,0,0,0,7,1.5,519
5,29,y,c,0,0,0,0,2,0,0,0,0,2,0,0,0,0,3,0,0,0,0,3,0,0,0,0,3,0,0,0,0,3,0.5,521
5,29,y,c,0,0,0,0,10,0,0,0,0,7,0,0,0,0,9,0,0,0,0,5,0,0,0,0,5,0,0,0,0,9,0.58,522
5,29,y,c,0,0,0,0,8,0,0,0,0,10,0,0,0,0,8,0,0,0,0,5,0,0,0,0,7,0,0,0,0,9,0.41,523
5,29,y,c,0,0,0,0,10,0,0,0,0,7,0,0,0,0,9,0,0,0,0,5,0,0,0,0,5,0,0,0,0,9,0.58,528
5,29,y,c,0,0,0,0,8,0,0,0,0,10,0,0,0,0,8,0,0,0,0,5,0,0,0,0,5,0,0,0,0,9,0.41,529
5,29,y,c,0,0,0,0,2,0,0,0,0,2,0,0,0,0,2,0,0,0,0,0,0,0,0,0.5,0,0,0,0,0,2,0.01,533
5,29,y,c,0,0,0,0,8,0,0,0,0,9,0,0,0,0,9,0,0,0,0,9,0,0,0,0,8,0,0,0,0,8,0.84,538
5,29,y,c,0,0,0,0,3,0,0,0,0,3,0,0,0,0,5,0,0,0,0,5,0,0,0,0,5,0,0,0,0,5,0.34,539
5,29,o,m,0,0,0,0,1,0,0,0,0,2,0,0,0,0,2,0,0,0,0,2,0,0,0,0,2,0,0,0,0,2,1.06,540
5,29,o,m,0,0,0,0,5,0,0,0,0,5,0,0,0,0,4,0,0,0,0,5,0,0,0,0,5,0,0,0,0,5,1.09,541
5,29,o,m,0,0,0,0,5,0,0,0,0,5,0,0,0,0,5,0,0,0,0,5,0,0,0,0,5,0,0,0,0,5,1.01,542
5,29,o,m,0,0,0,0,4,0,0,0,0,4,0,0,0,0,4,0,0,0,0,3,0,0,0,0,4,0,0,0,0,5,1.06,543
5,29,o,m,0,0,0,0,4,0,0,0,0,4,0,0,0,0,4,0,0,0,0,5,0,0,0,0,5,0,0,0,0,5,1.67,544
5,29,o,m,0,0,0,0,5,0,0,0,0,5,0,0,0,0,5,0,0,0,0,5,0,0,0,0,6,0,0,0,0,6,0.23,545
5,29,o,m,0,0,0,0,5,0,0,0,0,5,0,0,0,0,5,0,0,0,0,6,0,0,0,0,6,0,0,0,0,6,1.61,546
5,29,o,m,0,0,0,0,3,0,0,0,0,3,0,0,0,0,3,0,0,0,0,4,0,0,0,0,3,0,0,0,0,3,1.1,547
5,29,o,m,0,0,0,0,3,0,0,0,0,4,0,0,0,0,4,0,0,0,0,5,0,0,0,0,5,0,0,0,0,5,1.09,548
5,29,o,m,0,0,0,0,4,0,0,0,0,4,0,0,0,0,4,0,0,0,0,4,0,0,0,0,4,0,0,0,0,4,1.13,549
5,29,o,m,0,0,0,0,3,0,0,0,0,4,0,0,0,0,4,0,0,0,0,4,0,0,0,0,4,0,0,0,0,4,1.27,550
5,29,o,m,0,0,0,0,5,0,0,0,0,5,0,0,0,0,6,0,0,0,0,6,0,0,0,0,6,0,0,0,0,6,1.06,551
5,29,o,m,0,0,0,0,3,0,0,0,0,3,0,0,0,0,4,0,0,0,0,4,0,0,0,0,4,0,0,0,0,4,1.09,552
5,29,o,m,0,0,0,0,4,0,0,0,0,4,0,0,0,0,4,0,0,0,0,4,0,0,0,0,4,0,0,0,0,4,1.01,553
5,29,o,m,0,0,0,0,4,0,0,0,0,5,0,0,0,0,5,0,0,0,0,5,0,0,0,0,5,0,0,0,0,5,1.13,554
5,29,o,m,0,0,0,0,5,0,0,0,0,5,0,0,0,0,6,0,0,0,0,6,0,0,0,0,6,0,0,0,0,6,1.44,555
5,29,o,m,0,0,0,0,5,0,0,0,0,5,0,0,0,0,5,0,0,0,0,5,0,0,0,0,5,0,0,0,0,5,0.87,556
5,29,o,m,0,0,0,0,4,0,0,0,0,4,0,0,0,0,5,0,0,0,0,5,0,0,0,0,5,0,0,0,0,5,1.04,557
5,29,o,m,0,0,0,0,6,0,0,0,0,6,0,0,0,0,7,0,0,0,0,7,0,0,0,0,7,0,0,0,0,7,1.23,558
5,29,o,m,0,0,0,0,5,0,0,0,0,4,0,0,0,0,5,0,0,0,0,5,0,0,0,0,5,0,0,0,0,5,0.83,559
5,29,o,m,0,0,0,0,4,0,0,0,0,4,0,0,0,0,4,0,0,0,0,4,0,0,0,0,4,0,0,0,0,4,0.92,560
5,29,y,m,0,0,0,0,5,0,0,0,0,5,0,0,0,0,4,0,0,0,0,4,0,0,0,0,5,0,0,0,0,6,0.03,561
5,29,y,m,0,0,0,0,1,0,0,0,0,2,0,0,0,0,2,0,0,0,0,2,0,0,0,0,2,0,0,0,0,3,0.44,562
5,29,y,m,0,0,0,0,4,0,0,0,0,4,0,0,0,0,3,0,0,0,0,3,0,0,0,0,3,0,0,0,0,4,0.27,563
5,29,y,m,0,0,0,0,2,0,0,0,0,3,0,0,0,0,3,0,0,0,0,4,0,0,0,0,5,0,0,0,0,4,0.1,564
5,29,y,m,0,0,0,0,1,0,0,0,0,2,0,0,0,0,3,0,0,0,0,0,0,0,0,0,0,0,0,0,0,3,0.27,565
5,29,y,m,0,0,0,0,1,0,0,0,0,1,0,0,0,0,1,0,0,0,0,0,0,0,0,0,0,0,0,0,0,4,0.03,566
5,29,y,m,0,0,0,0,3,0,0,0,0,5,0,0,0,0,4,0,0,0,0,0,0,0,0,0,0,0,0,0,0,3,0.44,567
5,29,y,m,0,0,0,0,1,0,0,0,0,2,0,0,0,0,3,0,0,0,0,0,0,0,0,0,0,0,0,0,0,2,0.15,568
5,29,y,m,0,0,0,0,4,0,0,0,0,4,0,0,0,0,4,0,0,0,0,0,0,0,0,0,0,0,0,0,0,4,0.25,569
5,29,y,m,0,0,0,0,1,0,0,0,0,1,0,0,0,0,2,0,0,0,0,0,0,0,0,0,0,0,0,0,0,3,0.08,570
5,29,y,m,0,0,0,0,3,0,0,0,0,4,0,0,0,0,4,0,0,0,0,0,0,0,0,0,0,0,0,0,0,4,0.19,571
5,29,y,m,0,0,0,0,3,0,0,0,0,4,0,0,0,0,4,0,0,0,0,0,0,0,0,0,0,0,0,0,0,4,0.27,572
5,29,y,m,0,0,0,0,1,0,0,0,0,0,0,0,0,0,1,0,0,0,0,0,0,0,0,0,0,0,0,0,0,4,0.12,573
5,29,y,m,0,0,0,0,3,0,0,0,0,3,0,0,0,0,4,0,0,0,0,0,0,0,0,0,0,0,0,0,0,4,0.39,574
5,29,y,m,0,0,0,0,6,0,0,0,0,6,0,0,0,0,8,0,0,0,0,0,0,0,0,0,0,0,0,0,0,6,0.49,575
5,29,y,m,0,0,0,0,7,0,0,0,0,8,0,0,0,0,8,0,0,0,0,0,0,0,0,0,0,0,0,0,0,9,0.41,576
5,29,y,m,0,0,0,0,7,0,0,0,0,7,0,0,0,0,9,0,0,0,0,0,0,0,0,0,0,0,0,0,0,8,0.55,577
5,29,y,m,0,0,0,0,3,0,0,0,0,3,0,0,0,0,3,0,0,0,0,0,0,0,0,0,0,0,0,0,0,5,0.33,578
5,29,y,m,0,0,0,0,4,0,0,0,0,3,0,0,0,0,3,0,0,0,0,0,0,0,0,0,0,0,0,0,0,6,0.5,579
5,29,y,m,0,0,0,0,3,0,0,0,0,0,0,0,0,0,5,0,0,0,0,0,0,0,0,0,0,0,0,0,0,5,0.47,580
1,29,y,rc,0,0,0,0,5,0,1,0,1,4,0,1,0,1,4,1,1,1,5,4,1,1,1,5,4,1,1,1,1,3,0.35,149
1,29,y,rc,0,0,0,0,5,0,1,0,1,5,0,1,0,1,5,0,1,1,1,4,1,1,1,1,4,1,1,1,1,4,0.13,151
1,29,o,rc,0,1,0,0,7,0,1,0,0,7,1,1,0,0.5,7,1,1,0,0.5,5,1,1,1,1,6,1,1,1,1,6,0.78,121
1,29,o,rc,0,0,0,0,4,1,0,0,0,4,1,0,0,0,4,1,0,0,0,4,1,1,1,1,1,1,1,1,1,3,0.97,129
1,29,o,rc,0,0,0,0,3,1,0,0,0,3,1,1,0,0.5,3,1,1,0,0.5,3,1,1,1,0.5,4,1,1,1,1,3,1.5,130
3,29,o,rc,0,0,0,0,4,0,1,0,0,3,1,0,0,0,3,1,1,1,1,3,1,1,1,1,5,1,1,1,1,3,0.92,369
3,29,o,rc,0,1,0,0,3,0,1,0,0,4,1,1,1,1,5,1,1,1,1,5,1,1,1,1,4,1,1,1,1,4,0.48,372
3,29,o,rc,0,0,0,0,8,1,1,1,0.5,7,1,1,1,0.5,7,1,1,1,0.5,7,1,1,1,0.5,6,1,1,1,1,7,1.11,381
3,29,o,rc,0,0,0,0,4,0,1,0,0,3,1,0,0,0,3,1,1,1,0.5,3,1,1,1,1,5,1,1,1,1,3,0.92,382
3,29,o,rc,0,0,0,0,2,0,0,0,0,2,1,1,1,1,3,1,1,1,1,3,1,1,1,1,5,1,1,1,1,3,0.73,383
3,29,y,rc,0,1,0,1,5,1,1,1,1,7,1,1,1,2,5,1,1,1,0.5,5,1,1,1,1,6,1,1,1,1,5,0.6,392
3,29,y,rc,0,0,0,0,5,1,1,0,1,5,1,1,1,2,5,1,1,1,5,6,1,1,1,1,6,1,1,1,1,5,0.6,399
5,29,o,rc,0,1,0,0,2,0,1,0,0,2,0,1,0,0,1,1,1,1,1,3,1,1,1,1,3,1,1,1,1,2,0.14,623
5,29,o,rc,0,0,0,0,7,1,0,0,0,6,1,1,1,1,7,1,1,1,1,7,1,1,1,1,5,1,1,1,1,6,1.02,630
5,29,o,rc,0,0,0,0,7,0,1,0,0,6,0,1,0,0,8,1,1,1,1,8,1,1,1,1,1,1,1,1,1,7,1.65,631
5,29,o,rc,0,0,0,0,6,1,1,1,0.5,5,1,1,1,0.5,5,1,1,1,0.5,5,1,1,1,1,10,1,1,1,1,5,1.12,632
5,29,o,r,0,0,0,0,5,0,0,0,0,5,0,0,0,0,4,0,0,0,0.5,5,0,0,0,0.5,0,0,0,0,0,4,1.02,597
5,29,o,rc,0,0,0,0,5,1,0,0,0,5,1,1,1,1,5,1,1,1,1,5,1,1,1,1,5,1,1,1,1,5,0.86,634
5,29,y,rc,0,1,0,1,5,1,1,1,1,7,1,1,1,2,5,1,1,1,1,5,1,1,1,1,6,1,1,1,1,1,0.6,635
5,29,y,rc,0,1,0,1,5,0,1,0,1,5,0,1,0,1,5,0,1,0,1,5,1,1,1,1,5,1,1,1,1,4,0.13,637
5,29,y,rc,0,1,0,1,4,0,1,0,20,3,0,1,0,10,5,0,1,0,5,5,1,1,1,1,5,1,1,1,1,5,0.15,646
5,29,y,rc,0,0,0,0,4,1,1,0,20,4,1,1,0,10,5,1,1,0,5,5,1,1,0,5,5,1,1,1,1,5,0.15,649
5,29,y,rc,0,0,0,0,10,0,1,0,1,10,0,1,0,5,10,1,1,1,5,10,1,1,1,1,10,1,1,1,1,9,0.32,652
1,29,y,rc,0,0,0,25,2,0,1,0,10,2,0,1,0,20,2,0,1,0,5,2,0,1,1,1,2,1,1,1,1,2,0.17,152
3,29,y,rc,0,0,0,25,2,0,1,0,10,2,0,1,0,20,2,0,1,0,5,2,0,1,1,1,2,1,1,1,1,2,0.17,391
6,21,y,rc,0,1,0,2,3,0,0,0,0.5,4,0,1,0,0.5,5,0,1,0,0.5,6,0,1,0,1,7,1,1,0,1,7,,783
1,29,o,r,0,0,0,0,6,0,1,0,0.5,4,0,0,0,0.5,5,0,1,0,0.5,5,0,1,0,1,5,0,1,0,1,6,1.11,81
1,29,o,r,0,0,0,0,3,0,1,0,0.5,3,0,1,0,0.5,3,0,1,0,1,3,0,1,0,1,3,0,1,0,1,4,0.97,88
1,29,o,r,0,0,0,0,6,0,1,0,0.5,7,0,1,0,0.5,6,0,1,0,1,5,0,1,0,1,5,0,1,0,1,5,0.89,92
1,29,o,r,0,1,0,1,6,0,0,0,0,5,0,1,0,1,6,0,1,0,1,8,0,1,0,1,5,0,1,0,1,6,1.11,93
1,29,o,r,0,0,0,0,6,0,0,0,0,7,0,1,0,0,7,0,1,0,0.5,0,0,1,0,0.5,1,0,1,0,1,8,0.67,94
1,29,o,r,0,0,0,0,3,0,1,0,0.5,4,0,0,0,0,3,0,1,0,1,15,0,1,0,1,10,0,1,0,1,3,0.45,96
1,29,y,r,0,0,0,0,5,0,1,0,5,4,0,1,0,1,4,0,1,0,1,4,0,1,0,1,4,0,1,0,1,4,0.21,98
1,29,y,r,0,0,0,0,7,0,0,0,0,8,0,1,0,5,10,0,1,0,5,10,0,1,0,1,9,0,1,0,1,9,0.56,99
1,29,y,r,0,0,0,0,2,0,0,0,0,2,0,0,0,0,3,0,1,0,1,3,0,1,0,1,4,0,1,0,1,4,0.32,102
1,29,y,r,0,1,0,1,2,0,1,0,1,2,0,1,0,1,3,0,1,0,1,3,0,1,0,1,4,0,1,0,1,4,0.32,104
2,21,y,r,0,0,0,0,1,0,0,0,0,2,0,1,0,1,3,0,1,0,5,3,0,1,0,2,3,0,1,0,1,3,2.65,183
2,21,o,r,0,0,0,5,6,0,1,0,10,7,0,1,0,0.05,7,0,1,0,0,0,0,1,0,5,7,0,1,0,1,8,8.02,186
2,21,y,r,0,1,0,50,1,0,1,0,50,1,0,1,0,50,1,0,1,0,30,1,0,1,0,25,1,0,1,0,1,1,0.35,219
2,21,y,r,0,0,0,0,1,0,0,0,0,2,0,1,0,1,3,0,1,0,5,3,0,1,0,2,3,0,1,0,1,3,2.65,223
3,29,o,r,0,1,0,1,7,0,1,0,1,7,0,1,0,1,7,0,1,0,1,7,0,1,0,1,7,0,1,0,1,7,1.6,331
3,29,o,r,0,1,0,8,6,0,1,0,5,6,0,1,0,1,6,0,1,0,1,6,0,1,0,1,6,0,1,0,1,7,1.56,333
3,29,o,r,0,1,0,2,5,0,1,0,5,6,0,1,0,1,5,0,1,0,1,5,0,1,0,1,5,0,1,0,1,5,1.29,337
3,29,o,r,0,1,0,1,7,0,1,0,5,8,0,1,0,5,8,0,1,0,5,8,0,1,0,5,8,0,1,0,1,8,1.54,338
3,29,o,r,0,1,0,2,5,0,1,0,0.5,6,0,1,0,0.5,5,0,1,0,0.5,5,0,1,0,1,5,0,1,0,1,5,1.29,341
3,29,o,r,0,1,0,5,3,0,1,0,10,4,0,1,0,1,4,0,1,0,1,20,0,1,0,1,20,0,1,0,1,5,0.33,343
5,29,y,rc,0,0,0,0,1,0,1,0,1,2,0,1,0,0,2,0,1,0,1,2,0,0,0,0,3,0,0,0,0,4,0.1,651
6,21,y,c,0,0,0,0,1,0,0,0,0,1,1,0,0,1,2,0,0,0,2,2,0,0,0,0,2,0,0,0,0,2,2.41,655
6,21,y,c,0,0,0,0,1,0,0,0,0,1,0,0,0,0,1,0,0,0,0,1,0,0,0,0,1,0,0,0,0,3,1.08,656
6,21,y,c,0,0,0,0,1,0,0,0,0,1,0,0,0,0,1,0,0,0,0,1,0,0,0,0,1,0,0,0,0,2,0.55,657
6,21,y,c,0,0,0,0,2,0,0,0,0,3,0,0,0,0,3,1,0,0,0.5,3,1,0,0,0.5,3,0,0,0,0,5,,659
6,21,y,c,0,0,0,0,1,0,0,0,0,1,0,0,0,0,1,0,0,0,0,1,0,0,0,0,1,0,0,0,0,1,0.34,660
6,21,o,c,0,0,0,0,7,0,0,0,0,7,1,1,0,0.5,8,1,1,0,1,8,0,0,0,0,5,0,0,0,0,8,,664
6,21,y,m,0,0,0,0,1,0,0,0,0,1,0,0,0,0,1,0,0,0,0,1,0,0,0,0,1,0,0,0,0,2,2.09,668
6,21,y,m,0,0,0,0,1,0,0,0,0,2,0,0,0,0,1,0,0,0,0,2,0,0,0,0,2,0,0,0,0,4,,669
6,21,y,m,0,0,0,0,1,0,0,0,0,1,0,0,0,0,1,0,0,0,0,1,0,0,0,0,1,0,0,0,0.5,2,,670
6,21,y,m,0,0,0,0,1,0,0,0,0,1,0,0,0,0,1,0,0,0,0,1,0,0,0,0,1,0,0,0,0,4,,671
6,21,y,m,0,0,0,0,3,0,0,0,0,3,0,0,0,0,4,0,0,0,0,4,0,0,0,0,4,0,0,0,0,4,,672
6,21,o,m,0,0,0,0,5,0,0,0,0,5,0,0,0,0,5,0,0,0,0,5,0,0,0,0,6,0,0,0,0,6,,673
6,21,o,m,0,0,0,0,3,0,0,0,0,3,0,0,0,0,3,0,0,0,0,3,0,0,0,0,3,0,0,0,0,3,,674
6,21,o,m,0,0,0,0,3,0,0,0,0,3,0,0,0,,3,0,1,0,0,4,0,0,0,0,4,0,0,0,0,5,9.2,675
6,21,o,m,0,0,0,0,4,0,0,0,0,4,0,0,0,0,4,0,0,0,0,5,0,0,0,0,5,0,0,0,0,6,7.08,676
6,21,o,m,0,0,0,0,3,0,0,0,0,3,0,0,0,0,3,0,0,0,0,3,0,0,0,0,3,0,0,0,0,4,7.45,677
6,21,o,m,0,0,0,0,1,0,0,0,0,1,0,0,0,0,2,0,0,0,0,2,0,0,0,0,3,0,0,0,0,3,4.12,678
3,29,o,r,0,0,0,0,7,0,1,0,0.5,6,0,1,0,0,6,0,1,0,1,0,0,1,0,1,5,0,1,0,1,6,0.96,344
3,29,o,r,0,1,0,15,1,0,1,0,15,1,0,1,0,10,1,0,1,0,5,15,0,1,0,5,20,0,1,0,1,3,0.21,346
3,29,y,r,0,1,0,1,10,0,1,0,2,8,0,1,0,1,9,0,1,0,1,8,0,1,0,1,9,0,1,0,1,9,0.58,349
6,21,y,r,0,0,0,0,1,0,0,0,0,1,0,0,0,0,1,0,0,0,0,1,0,0,0,0,1,0,0,0,0,3,1.71,682
3,29,y,r,0,1,0,2,5,0,1,0,5,4,0,1,0,5,4,0,1,0,1,4,0,1,0,1,4,0,1,0,1,4,0.21,353
3,29,y,r,0,1,0,10,10,0,1,0,2,8,0,1,0,1,9,0,1,0,1,8,0,1,0,1,9,0,1,0,1,9,0.58,354
3,29,y,r,0,0,0,0,5,0,1,0,5,4,0,1,0,1,4,0,1,0,1,4,0,1,0,1,4,0,1,0,1,4,0.21,355
3,29,y,r,0,0,0,0,7,0,0,0,0,8,0,1,0,5,10,0,1,0,5,10,0,1,0,1,9,0,1,0,1,9,0.56,356
3,29,y,r,0,0,0,0,2,0,0,0,0,2,0,0,0,0,3,0,1,0,1,3,0,1,0,1,4,0,1,0,1,4,0.32,359
3,29,y,r,0,0,0,0,2,0,1,0,1,2,0,0,0,0,3,0,1,0,3,1,0,1,0,4,1,0,1,0,1,4,0.32,361
3,29,y,rc,0,0,0,0,5,0,1,0,1,7,0,1,0,1,6,0,1,0,1,6,0,1,0,1,6,0,1,0,1,5,0.6,396
3,29,y,rc,0,0,0,0,1,0,1,0,15,1,0,1,0,33,1,0,1,0,5,2,0,1,0,1,2,0,1,0,1,3,-0.01,400
3,29,y,rc,0,0,0,0,2,0,0,0,1,2,0,1,0,1,2,0,1,0,5,3,0,1,0,1,3,0,1,0,1,4,0.09,402
4,21,y,r,0,1,0,2,1,0,1,0,25,1,0,1,0,50,1,0,1,0,50,1,0,1,0,25,1,0,1,0,1,4,,430
4,21,o,r,0,1,0,5,5,0,1,0,5,5,0,1,0,1,4,0,1,0,0,0,0,1,0,15,5,0,1,0,1,5,8.37,436
2,21,y,c,0,0,0,0,2,0,0,0,0,3,0,0,0,0,3,1,0,0,0.5,3,1,0,0,0.5,3,1,0,0,0.01,5,0.39,222
2,21,y,c,0,0,0,0,1,0,0,0,0,1,0,0,0,0,1,0,0,0,0,1,0,0,0,0,1,1,0,0,0.01,1,0.34,224
4,21,y,c,0,0,0,0,1,0,0,0,0,1,0,0,0,0,1,0,0,0,10,1,0,0,0,0,1,1,0,0,0.01,3,0.71,409
4,21,o,r,0,1,0,5,7,0,1,0,10,7,0,1,0,10,6,0,1,0,10,6,0,1,0,10,6,0,1,0,1,7,5.41,441
4,21,y,r,0,1,0,10,2,0,1,0,20,2,0,1,0,20,2,0,1,0,20,2,0,1,0,30,3,0,1,0,1,5,2.78,473
6,21,y,m,0,0,0,0,1,0,0,0,0,1,0,0,0,0,1,0,0,0,0,1,0,0,0,0,1,0,0,0,0,1,0.36,707
4,21,o,r,0,1,0,5,5,0,1,0,5,5,0,1,0,1,4,0,0,0,0,1,0,1,0,15,5,0,1,0,1,5,8.37,486
6,21,y,m,0,0,0,0,1,0,0,0,0,1,0,0,0,0,1,0,0,0,0,1,0,0,0,0,2,0,0,0,0,4,1.67,709
4,21,y,c,0,0,0,0,1,0,0,0,0,1,1,0,0,1,2,0,0,0,2,2,0,0,0,0,2,1,0,0,0.01,2,2.41,465
6,21,y,m,0,0,0,0,3,0,0,0,0,3,0,0,0,0,4,0,0,0,0,4,0,0,0,0,4,0,0,0,0,6,1.26,711
5,29,o,r,0,0,0,0,6,0,0,0,0,7,0,0,0,0,7,0,1,0,0,7,0,1,0,0.5,7,0,1,0,1,8,0.67,582
5,29,o,r,0,1,0,1,3,0,1,0,0.5,4,0,0,0,0,3,0,1,0,0.5,3,0,1,0,0.5,3,0,1,0,1,3,0.45,588
5,29,o,r,0,1,0,1,7,0,1,0,0.5,6,0,1,0,0.5,6,0,1,0,0.5,6,0,1,0,1,6,0,1,0,1,6,0.96,590
4,21,y,c,0,0,0,0,1,0,0,0,0,1,0,0,0,0,1,0,0,0,0,1,0,0,0,0,1,1,0,0,0.01,3,1.08,467
6,21,y,r,0,0,0,0,1,0,0,0,0,1,0,0,0,0,1,0,1,0,5,1,0,0,0,0,1,0,0,0,0,3,,717
4,21,y,c,0,0,0,0,1,0,0,0,0,1,0,0,0,0,1,0,0,0,10,1,0,0,0,0,1,1,0,0,0.01,3,0.71,472
6,21,y,r,0,0,0,0,1,0,0,0,0,1,0,0,0,0,1,0,0,0,0,2,0,0,0,0,2,0,0,0,0,5,0.4,720
5,29,o,r,0,1,0,8,6,0,1,0,0.5,6,0,1,0,0.5,6,0,1,0,0.5,6,0,1,0,1,6,0,1,0,1,7,1.56,591
6,21,y,c,0,0,0,0,1,0,0,0,0,1,0,0,0,0,1,0,0,0,0,1,0,0,0,0,2,1,0,0,0.01,4,0.34,716
5,29,o,r,0,0,0,0,7,0,0,0,0,7,0,0,0,0,7,0,1,0,5,10,0,1,0,1,10,0,1,0,1,7,1.6,592
5,29,o,r,0,0,0,0,5,0,0,0,0,0,0,1,0,1,6,0,1,0,1,1,0,1,0,1,1,0,1,0,1,7,1.65,594
6,21,y,m,0,0,0,0,3,0,0,0,0,2,0,0,0,0,3,0,0,0,0,3,0,0,0,0,2,0,0,0,0,5,3.19,726
6,21,y,m,0,0,0,0,1,0,0,0,0,1,0,0,0,0,1,0,0,0,0,1,0,0,0,0,1,0,0,0,0,4,0.31,727
6,21,y,m,0,0,0,0,1,0,0,0,0,1,0,0,0,0,1,0,0,0,0,1,0,0,0,0,1,0,0,0,0,1,0.08,728
6,21,y,m,0,0,0,0,2,0,0,0,0,3,0,0,0,0,1,0,0,0,0,2,0,0,0,0,4,0,0,0,0,7,0.44,729
6,21,y,c,0,0,0,0,1,0,0,0,0,1,0,0,0,0,1,0,0,0,0,1,0,0,0,0,3,1,0,0,0.01,3,0.21,718
6,21,o,m,0,0,0,0,5,0,0,0,0,5,0,0,0,0,5,0,0,0,0,5,0,0,0,0,6,0,0,0,0,6,1,731
6,21,o,m,0,0,0,0,4,0,0,0,0,4,0,0,0,0,4,0,0,0,0,4,0,0,0,0,5,0,0,0,0,5,6.75,732
6,21,o,m,0,0,0,0,4,0,0,0,0,4,0,0,0,0,4,0,0,0,0,4,0,0,0,0,4,0,0,0,0,5,0.9,733
6,21,o,m,0,0,0,0,3,0,0,0,0,3,0,0,0,0,3,0,0,0,0,4,0,0,0,0,4,0,0,0,0,5,0.53,734
5,29,y,r,0,1,0,1,2,0,1,0,1,2,0,1,0,1,3,0,1,0,1,3,0,1,0,1,4,0,1,0,1,4,0.32,598
5,29,y,r,0,1,0,1,10,0,1,0,2,8,0,1,0,1,9,0,1,0,1,8,0,1,0,1,9,0,1,0,1,9,0.58,605
6,21,o,c,0,0,0,0,3,0,0,0,0,3,0,0,0,0,3,0,0,0,0,3,0,0,0,0,3,0,0,0,0,5,1.59,738
5,29,y,r,0,1,0,2,5,0,1,0,5,4,0,1,0,5,4,0,1,0,1,4,0,1,0,1,4,0,1,0,1,4,0.21,609
5,29,y,r,0,1,0,10,10,0,1,0,2,8,0,1,0,1,9,0,1,0,1,8,0,1,0,1,9,0,1,0,1,9,0.58,610
6,21,o,c,0,0,0,0,7,1,0,0,0.5,7,1,0,0,0.5,7,1,0,0,1,7,0,0,0,0,7,0,0,0,0,7,9.16,743
5,29,y,r,0,0,0,0,5,0,1,0,5,4,0,1,0,5,4,0,1,0,4,1,0,1,0,4,1,0,1,0,1,4,0.21,611
5,29,y,r,0,1,0,1,10,0,1,0,2,8,0,1,0,1,9,0,1,0,8,1,0,1,0,9,1,0,1,0,1,9,0.58,612
5,29,y,r,0,1,0,1,7,0,1,0,1,8,0,0,0,0,10,0,1,0,10,1,0,1,0,9,1,0,1,0,1,9,0.56,613
6,21,o,m,0,0,0,0,3,0,0,0,0,3,0,0,0,0,3,0,0,0,0,3,0,0,0,0,4,0,0,0,0,4,1.32,748
6,21,o,m,0,0,0,0,3,0,0,0,0,3,0,0,0,0,3,0,0,0,0,3,0,0,0,0,3,0,0,0,0.5,3,0.43,749
6,21,o,m,0,0,0,0,3,0,0,0,0,3,0,0,0,0,3,0,1,0,0,3,0,0,0,0,4,0,0,0,0,4,7.02,750
5,29,y,rc,0,0,0,0,5,0,1,0,1,7,0,1,0,2,5,0,1,0,1,5,0,1,0,1,6,0,1,0,1,5,0.6,639
6,21,o,c,0,0,0,0,2,0,0,0,0,4,0,0,0,0,5,1,0,0,0.5,5,0,0,0,0,5,0,0,0,0,4,,753
6,21,o,m,0,0,0,0,2,0,0,0,0,2,0,0,0,0,2,0,0,0,0,2,0,0,0,0,4,0,0,0,0,4,,754
6,21,o,m,0,0,0,0,1,0,0,0,0,1,0,0,0,0,1,0,0,0,0,1,0,0,0,0,2,0,0,0,0,3,,755
5,29,y,rc,0,0,0,0,2,0,0,0,1,2,0,1,0,1,2,0,1,0,2,1,0,1,0,1,1,0,1,0,1,4,0.09,640
6,21,y,r,0,1,0,2,1,0,1,0,5,1,0,1,0,5,1,0,1,0,5,1,0,1,0,5,1,0,1,0,1,4,,715
6,21,o,r,0,0,0,5,6,0,1,0,10,7,0,1,0,0.05,7,0,1,0,0.5,7,0,1,0,5,7,0,1,0,1,8,8.02,737
6,21,o,r,0,1,0,5,7,0,1,0,10,7,0,1,0,10,6,0,1,0,10,6,0,1,0,10,6,0,1,0,1,7,5.41,746
6,21,y,c,0,0,0,0,2,0,0,0,0,2,0,0,0,0,2,0,0,0,0,2,1,0,0,0.5,2,1,0,0,0.01,3,0.23,723
4,21,y,rc,0,0,0,5,1,0,0,0,5,1,0,1,0,5,1,0,1,0,5,1,0,1,0,10,1,0,1,0,1,2,0.94,461
6,21,y,m,0,0,0,0,2,0,0,0,0,2,0,0,0,0,3,0,0,0,0,3,0,0,0,0,3,0,0,0,0,3,,762
6,21,o,r,0,1,0,1,1,0,1,0,2,1,0,1,0,2,1,0,1,0,5,1,0,1,0,1,1,0,1,0,1,1,,772
6,21,y,m,0,0,0,0,1,0,0,0,0,1,0,0,0,0,2,0,0,0,0,2,0,0,0,0,2,0,0,0,0,2,,764
6,21,y,rc,0,1,0,2,2,0,1,0,5,2,0,1,0,5,2,0,1,0,5,3,0,1,0,1,3,0,1,0,1,3,,785
6,21,y,c,0,0,0,0,1,0,0,0,0,2,0,0,0,0,2,0,0,0,1,3,0,0,0,0,3,1,0,0,0.01,3,0.16,730
6,21,o,m,0,0,0,0,2,0,0,0,0,2,0,0,0,0,3,0,0,0,0,4,0,0,0,0,4,0,0,0,0,4,,767
6,21,y,c,0,0,0,0,3,0,0,0,0,3,0,0,0,0,3,0,0,0,0,3,0,0,0,0,3,1,0,0,0.01,3,,760
6,21,o,m,0,0,0,0,2,0,0,0,0,2,0,0,0,0,3,0,0,0,0,3,0,0,0,0,3,0,0,0,0,4,,769
6,21,y,r,0,1,0,5,4,0,1,0,1,3,0,1,0,1,3,0,1,0,5,4,0,1,0,1,5,0,1,0,1,5,,791
6,21,o,m,0,0,0,0,1,0,0,0,0,1,0,0,0,0,1,0,0,0,0,1,0,0,0,0,2,0,0,0,0,3,,771
6,21,y,r,0,1,0,10,5,0,1,0,1,5,0,1,0,1,6,0,1,0,2,7,0,1,0,1,6,0,1,0,1,6,,793
6,21,o,c,0,0,0,0,3,0,0,0,0,3,0,0,0,0,3,0,0,0,0,4,0,0,0,0,4,0,0,0,0,3,,773
6,21,y,c,0,0,0,0,1,0,0,0,0,1,0,0,0,0,1,0,0,0,0,1,0,0,0,0,1,0,0,0,0,1,,774
6,21,o,r,0,1,0,5,1,0,1,0,5,2,0,1,0,5,2,0,1,0,2,2,0,1,0,1,2,0,1,0,1,2,,795
6,21,o,m,0,0,0,0,2,0,0,0,0,2,0,0,0,0,3,0,0,0,0,3,0,0,0,0,2,0,0,0,0,2,,776
6,21,o,rc,0,1,0,2,3,0,1,0,0.5,4,0,1,0,0.5,4,0,1,0,1,4,0,1,0,1,4,0,1,0,1,4,,867
6,21,o,r,0,0,0,0,2,0,1,0,2,4,0,1,0,2,4,0,1,0,5,3,0,1,0,1,4,0,1,0,1,4,,875
6,21,y,m,0,0,0,0,2,0,0,0,0,2,0,0,0,0,2,0,0,0,0,3,0,0,0,0,4,0,0,0,0,4,,779
6,21,y,m,0,1,0,5,2,0,0,0,0,1,0,0,0,0,1,0,0,0,0,2,0,0,0,0,2,0,0,0,0,2,,780
6,21,y,c,0,0,0,0,4,0,0,0,0,3,0,0,0,0,4,0,0,0,0,5,0,0,0,0,6,0,0,0,0,6,,781
6,21,y,m,0,0,0,0,2,0,0,0,0,2,0,0,0,0,2,0,0,0,0,3,0,0,0,0,3,0,0,0,0,3,,782
6,21,o,rc,0,1,0,5,1,0,1,0,5,2,0,1,0,5,2,0,1,0,10,2,0,1,0,1,2,0,1,0,1,2,,879
6,21,y,c,0,0,0,0,1,0,0,0,0,1,0,0,0,0,1,0,0,0,0,2,0,0,0,0,2,1,0,0,0.01,2,,768
6,21,y,c,0,0,0,0,3,0,0,0,0,4,0,0,0,0,4,0,0,0,0,3,0,0,0,0,4,1,0,0,0.01,4,,784
6,21,o,rc,0,1,0,2,6,0,1,0,1,6,0,1,0,1,6,0,1,0,0.5,6,0,1,1,1,5,0,1,1,1,5,,883
2,21,y,rc,0,0,0,0,1,0,0,0,25,1,0,0,0,25,1,0,1,0,50,1,0,1,0,50,1,1,0,0,0.01,1,,218
1,29,o,r,0,0,0,0,6,0,0,0,0,7,0,0,0,0,7,0,1,0,0,7,0,1,0,0.5,7,0,1,0,0.5,8,0.67,86
1,29,o,r,0,0,0,0,6,0,0,0,0,7,0,0,0,0,7,0,1,0,0,7,0,1,0,0.5,7,0,1,0,0.5,8,0.67,90
6,21,y,c,0,0,0,0,7,0,0,0,0,7,0,0,0,0,9,1,0,0,0.5,10,0,0,0,0,9,1,0,0,0.01,9,,790
5,29,y,c,0,1,0,0,4,1,1,0,1,5,1,1,0,1,5,1,1,0,1,5,1,1,0,1,5,1,1,0,0.5,5,1.3,527
1,29,o,rc,0,0,0,0,4,0,0,0,0,4,0,0,0,0,5,1,1,1,0.5,5,1,1,1,0.5,5,1,1,1,0.5,5,0.96,127
5,29,o,rc,0,0,0,0,4,0,1,0,0,3,1,0,0,0,3,1,1,1,0.5,5,1,1,1,0.5,5,1,1,1,0.5,3,0.92,627
3,29,o,r,0,1,0,1,3,0,1,0,0.5,4,0,0,0,0,3,0,1,0,0.5,3,0,1,0,0.5,3,0,1,0,0.5,3,0.45,334
6,21,y,m,0,0,0,0,1,0,0,0,0,2,0,0,0,0,2,0,0,0,0,2,0,0,0,0,4,0,0,0,0,4,,796
6,21,y,m,0,0,0,0,1,0,0,0,0,1,0,0,0,0,1,0,0,0,0,2,0,0,0,0,3,0,0,0,0,3,,797
4,21,y,rc,0,0,0,0,1,0,0,0,50,1,0,0,0,75,1,0,1,0,75,1,0,1,0,50,1,1,0,0,0.01,1,,446
6,21,y,m,0,0,0,0,1,0,0,0,0,1,0,0,0,0,1,0,0,0,0,1,0,0,0,0,3,0,0,0,0,3,,799
4,21,y,rc,0,0,0,0,1,0,0,0,0,1,0,0,0,0,1,0,1,0,5,1,0,1,0,5,1,0,0,0,0,1,,480
6,21,o,c,0,0,0,0,1,0,0,0,0,1,0,0,0,0,2,0,0,0,0,3,0,0,0,0,3,0,0,0,0,2,,801
3,29,o,r,0,1,0,1,7,0,1,0,10,8,0,1,0,5,8,0,1,0,1,8,0,1,0,0.5,8,0,1,0,0.5,8,1.54,342
5,29,o,r,0,1,0,1,5,0,1,0,0.5,5,0,1,0,1,5,0,1,0,1,15,0,1,0,1,15,0,1,0,0.5,5,1.65,593
6,21,o,m,0,0,0,0,3,0,0,0,0,3,0,0,0,0,3,0,0,0,0,3,0,0,0,0,3,0,0,0,0,3,,804
6,21,y,r,0,1,0,5,2,0,1,0,8,1,0,1,0,8,1,0,1,0,10,1,0,1,0,0.5,2,0,1,0,0.5,2,,761
6,21,y,m,0,0,0,0,1,0,0,0,0,2,0,0,0,0,2,0,0,0,0,3,0,0,0,0,4,0,0,0,0,4,,807
6,21,y,rc,0,1,0,2,2,0,1,0,0.5,1,0,1,0,0.5,1,0,1,0,0.5,1,0,1,0,0.5,2,0,1,0,0.5,2,,788
6,21,y,c,0,0,0,0,1,0,0,0,0,1,0,0,0,0,1,0,0,0,0,1,0,0,0,0,2,1,0,0,0.01,2,,809
6,21,o,r,0,1,0,5,3,0,1,0,8,4,0,1,0,8,4,0,1,0,1,4,0,1,0,0.5,5,0,1,0,0.5,5,,818
6,21,o,r,0,1,0,10,1,0,1,0,1,2,0,1,0,1,2,0,1,0,1,2,0,1,0,0.5,2,0,1,0,0.5,2,,822
6,21,o,c,0,0,0,0,2,0,0,0,0,2,0,0,0,0,3,0,0,0,0,3,0,0,0,0,3,0,0,0,0,3,,812
6,21,o,rc,0,1,0,10,3,0,1,0,8,2,0,1,0,8,2,0,1,0,15,3,0,1,0,0.5,3,0,1,0,0.5,3,,850
6,21,y,r,0,1,0,1,1,0,0,0,0,2,0,0,0,0,2,0,1,0,10,1,0,0,0,0,3,0,0,0,0,3,,814
6,21,o,m,0,0,0,0,3,0,0,0,0,3,0,0,0,0,4,0,0,0,0,4,0,0,0,0,4,0,0,0,0,4,,815
6,21,o,r,0,1,0,15,4,0,1,0,5,5,0,1,0,5,6,0,1,0,5,6,0,1,0,0.5,5,0,1,0,0.5,5,,855
6,21,o,rc,0,1,0,15,1,0,1,0,2,2,0,1,0,2,2,0,1,0,1,2,0,1,0,0.5,2,0,1,0,0.5,2,,863
6,21,y,c,0,0,0,0,3,0,0,0,0,2,0,0,0,0,2,0,0,0,0,2,0,0,0,0,2,1,0,0,0.01,2,,819
2,21,y,rc,0,1,0,10,1,0,1,0,25,1,0,1,0,25,1,0,1,0,50,1,0,1,0,50,3,1,1,0,0.01,3,0.19,211
6,21,y,m,0,0,0,0,1,0,0,0,0,1,0,0,0,0,1,0,0,0,0,1,0,0,0,0,1,0,0,0,0,1,,821
4,21,y,rc,0,1,0,10,1,0,1,0,10,1,0,1,0,50,1,0,1,0,20,1,0,1,0,20,3,1,1,0,0.01,3,0.19,445
6,21,y,m,0,0,0,0,1,0,0,0,0,1,0,0,0,0,1,0,0,0,0,1,0,0,0,0,3,0,0,0,0,3,,823
1,29,y,r,0,1,0,1,1,0,1,0,1,1,0,1,0,5,1,0,1,0,2,2,0,1,0,2,2,0,1,0,0.01,2,-0.02,105
6,21,o,m,0,0,0,0,1,0,0,0,0,2,0,0,0,0,2,0,0,0,0,3,0,0,0,0,3,0,0,0,0,3,,827
1,29,y,r,0,0,0,0,1,0,0,0,0,1,0,0,0,0,1,0,0,0,2,0,0,1,0,2,2,0,1,0,0.01,2,-0.02,112
6,21,y,m,0,0,0,0,1,0,0,0,0,2,0,0,0,0,3,0,0,0,0,3,0,0,0,0,3,0,0,0,0,3,,829
6,21,o,m,0,0,0,0,2,0,0,0,0,2,0,0,0,0,2,0,0,0,0,2,0,0,0,0,3,0,0,0,0,3,,830
1,29,o,rc,0,0,0,0,1,0,0,0,0,1,0,1,0,0,1,0,1,0,0,1,0,1,0,0,1,0,1,0,0.01,1,0.01,116
6,21,y,c,0,0,0,0,1,0,0,0,0,2,0,0,0,0,3,0,0,0,0,3,0,0,0,0,4,1,0,0,0.01,4,,833
4,21,y,r,0,1,0,50,1,0,1,0,50,1,0,1,0,50,1,0,1,0,50,1,0,1,0,50,1,,1,0,0.01,1,,476
6,21,o,m,0,0,0,0,4,0,0,0,0,3,0,0,0,0,3,0,0,0,0,3,0,0,0,0,4,0,0,0,0,5,,838
6,21,y,r,0,0,0,0,1,0,0,0,0,1,0,0,0,0,1,0,1,0,25,1,0,0,0,0,1,0,0,0,0,1,,839
6,21,y,m,0,0,0,0,1,0,0,0,0,1,0,0,0,0,1,0,0,0,0,1,0,0,0,0,3,0,0,0,0,3,,841
6,21,y,m,0,0,0,0,1,0,0,0,0,1,0,0,0,0,1,0,0,0,0,1,0,0,0,0,1,0,0,0,0,1,,842
1,29,o,rc,0,0,0,0,3,0,1,0,0,3,0,1,0,0,3,0,1,0,0,4,0,1,0,0,3,0,1,0,0.01,3,0.61,118
1,29,o,rc,0,0,0,0,1,0,0,0,0,1,0,1,0,0,1,0,1,0,0,1,0,1,0,0,1,0,1,0,0.01,1,0.01,122
1,29,o,rc,0,1,0,0,5,0,1,0,0,5,0,1,0,0,5,0,1,0,0,5,0,1,0,0,4,0,1,0,0.01,4,0.34,123
6,21,o,c,0,0,0,0,3,0,0,0,0,3,0,0,0,0,3,0,0,0,0,3,0,0,0,0,3,0,0,0,0,2,,846
6,21,o,m,0,0,0,0,3,0,0,0,0,4,0,0,0,0,4,0,0,0,0,4,0,0,0,0,3,0,0,0,0,3,,847
1,29,o,rc,0,0,0,0,3,0,1,0,0,3,0,1,0,0,3,0,1,0,0,4,0,1,0,0,3,0,1,0,0.01,3,0.61,124
6,21,o,c,0,0,0,0,2,0,0,0,0,2,0,0,0,0,3,0,0,0,0,3,0,0,0,0,3,0,0,0,0,2,,849
1,29,o,rc,0,1,0,0,1,0,1,0,0,2,0,1,0,0,1,0,1,0,0,3,0,1,0,0,2,0,1,0,0.01,2,0.14,126
2,21,y,r,0,1,0,25,2,0,1,0,50,2,0,1,0,50,2,0,1,0,50,2,0,1,0,50,2,0,1,0,0.01,2,0.81,179
2,21,y,r,0,1,0,25,2,0,1,0,50,2,0,1,0,35,2,0,1,0,25,2,0,1,0,25,2,0,1,0,0.01,2,0.81,214
2,21,y,r,0,1,0,15,1,0,1,0,25,1,0,1,0,35,1,0,1,0,75,1,0,1,0,0,1,0,1,0,0.01,4,,230
6,21,o,m,0,0,0,0,1,0,0,0,0,2,0,0,0,0,2,0,0,0,0,2,0,0,0,0,3,0,0,0,0,3,,857
6,21,y,rc,0,0,0,0,1,0,0,0,0,1,0,0,0,0,1,0,1,0,5,1,0,1,0,10,1,1,0,0,0.01,1,,699
3,29,o,rc,0,0,0,0,3,0,0,0,0,3,0,1,0,0,3,0,1,0,0,4,0,1,0,0,3,0,1,0,0.01,3,0.61,367
6,21,o,m,0,0,0,0,1,0,0,0,0,1,0,0,0,0,1,0,0,0,0,2,0,0,0,0,2,0,0,0,0,2,,861
6,21,o,m,0,0,0,0,2,0,0,0,0,2,0,0,0,0,2,0,0,0,0,3,0,0,0,0,4,0,0,0,0,5,,862
3,29,o,rc,0,1,0,0,2,0,1,0,0,3,0,1,0,0,3,0,1,0,0,4,0,1,0,0,4,0,1,0,0.01,3,0.61,368
3,29,o,rc,0,0,0,0,3,0,0,0,0,3,0,1,0,0,3,0,1,0,0,4,0,1,0,0,3,0,1,0,0.01,3,0.61,373
6,21,y,rc,0,0,0,0,1,0,0,0,0,1,0,0,0,0,1,0,0,0,0,1,0,0,0,0,2,0,0,0,0,2,,757
3,29,o,rc,0,1,0,0,2,0,1,0,0,3,0,1,0,0,3,0,1,0,0,4,0,1,0,0,4,0,1,0,0.01,3,0.61,374
3,29,o,rc,0,1,0,0,5,0,1,0,0,5,0,1,0,0,5,0,1,0,0,5,0,1,0,0,4,0,1,0,0.01,4,0.34,376
6,21,o,m,0,0,0,0,4,0,0,0,0,6,0,0,0,0,6,0,0,0,0,7,0,0,0,0,6,0,0,0,0,6,,868
6,21,o,m,0,0,0,0,2,0,0,0,0,3,0,0,0,0,3,0,0,0,0,3,0,0,0,0,3,0,0,0,0,3,,869
3,29,o,rc,0,0,0,0,3,0,1,0,0,3,0,1,0,0,3,0,1,0,0,4,0,1,0,0,3,0,1,0,0.01,3,0.61,377
6,21,o,m,0,0,0,0,2,0,0,0,0,2,0,0,0,0,2,0,0,0,0,2,0,0,0,0,2,0,0,0,0,1,,872
6,21,o,c,0,0,0,0,2,0,0,0,0,3,0,0,0,0,3,0,0,0,0,3,0,0,0,0,3,0,0,0,0,3,,873
3,29,o,rc,0,0,0,0,4,0,1,0,0,4,0,1,0,0,4,0,1,0,0,4,0,1,0,0,5,0,1,0,0.01,4,1.14,378
3,29,o,rc,0,0,0,0,3,0,0,0,0,3,0,0,0,0,2,0,0,0,0,2,0,1,0,0,1,0,1,0,0.01,2,1.09,380
4,21,y,r,0,1,0,50,1,0,1,0,50,1,0,1,0,75,1,0,1,0,75,1,0,1,0,50,1,0,1,0,0.01,0,0,435
6,21,o,m,0,0,0,0,1,0,0,0,0,1,0,0,0,0,1,0,0,0,0,2,0,0,0,0,2,0,0,0,0,2,,877
5,29,o,r,0,0,0,0,7,0,0,0,0,8,0,0,0,0,8,0,0,0,5,0,0,0,0,5,0,0,1,0,0.01,8,1.54,596
5,29,y,r,0,1,0,1,1,0,1,0,1,1,0,1,0,5,1,0,1,0,2,2,0,1,0,2,2,0,1,0,0.01,2,0.02,599
6,21,o,m,0,0,0,0,2,0,0,0,0,3,0,0,0,0,3,0,0,0,0,3,0,0,0,0,3,0,0,0,0,3,,880
5,29,o,rc,0,1,0,0,1,0,1,0,0,2,0,1,0,0,1,0,1,0,0,3,0,1,0,0,2,0,1,0,0.01,2,0.14,618
6,21,y,m,0,0,0,0,1,0,0,0,0,1,0,0,0,0,1,0,0,0,0,1,0,0,0,0,2,0,0,0,0,2,,882
5,29,o,rc,0,1,0,0,3,0,1,0,0,4,0,1,0,0,6,0,1,0,0,6,0,1,0,0,5,0,1,0,0.01,4,0.59,622
5,29,o,rc,0,1,0,0,1,0,1,0,0,2,0,1,0,0,1,0,1,0,0,3,0,1,0,0,2,0,1,0,0.01,2,0.14,624
6,21,o,m,0,0,0,0,1,0,0,0,0,1,0,0,0,0,1,0,0,0,0,1,0,0,0,0,2,0,0,0,0,2,,885
5,29,o,rc,0,0,0,0,3,0,0,0,0,3,0,1,0,0,3,0,1,0,0,4,0,1,0,0,3,0,1,0,0.01,3,0.61,625
5,29,o,rc,0,1,0,0,2,0,1,0,0,3,0,1,0,0,3,0,1,0,0,4,0,1,0,0,4,0,1,0,0.01,3,0.61,626
6,21,y,r,0,1,0,25,1,0,1,0,40,1,0,1,0,50,1,0,1,0,75,1,0,1,0,0,1,0,1,0,0.01,4,,685
6,21,y,m,0,0,0,0,1,0,0,0,0,1,0,0,0,0,1,0,0,0,0,1,0,0,0,0,1,0,0,0,0,1,,891
6,21,y,r,0,1,0,10,1,0,1,0,10,2,0,1,0,10,3,0,1,0,5,3,0,1,0,0,3,0,1,0,0.01,3,,759
6,21,y,rc,0,0,0,0,1,0,0,0,0,1,0,0,0,0,1,0,1,0,5,2,0,0,0,0,3,0,0,0,0,3,,800
6,21,y,m,0,0,0,0,3,0,0,0,0,4,0,0,0,0,4,0,0,0,0,4,0,0,0,0,5,0,0,0,0,5,,897
6,21,y,m,0,0,0,0,2,0,0,0,0,1,0,0,0,0,1,0,0,0,0,2,0,0,0,0,2,0,0,1,0,2,,900
2,21,y,rc,0,0,0,30,1,0,1,0,25,1,0,1,0,50,1,0,1,0,30,1,0,1,0,30,1,0,1,0,0.01,1,0.24,225
6,21,y,rc,0,0,0,15,1,0,1,0,50,1,0,1,0,50,1,0,1,0,25,1,0,1,0,25,1,0,1,0,0.01,0,0,694
6,21,y,rc,0,0,0,30,1,0,0,0,50,1,0,1,0,50,1,0,1,0,50,1,0,1,0,50,1,0,1,0,0.01,1,0.24,696
6,21,y,r,0,1,0,50,1,0,1,0,40,1,0,1,0,40,2,0,1,0,20,2,0,1,0,0,2,0,1,0,0.01,2,,826
6,21,y,rc,0,0,0,0,1,0,1,0,2,1,0,1,0,2,1,0,1,0,10,1,0,1,0,0,2,0,1,0,0.01,2,,894
